/*
Navicat MySQL Data Transfer

Source Server         : 云服务器
Source Server Version : 50647
Source Host           : 47.115.45.210:3306
Source Database       : blog

Target Server Type    : MYSQL
Target Server Version : 50647
File Encoding         : 65001

Date: 2020-07-28 11:20:44
*/

SET FOREIGN_KEY_CHECKS=0;

-- ----------------------------
-- Table structure for t_blog
-- ----------------------------
DROP TABLE IF EXISTS `t_blog`;
CREATE TABLE `t_blog` (
  `id` bigint(20) NOT NULL AUTO_INCREMENT,
  `appreciation` bit(1) NOT NULL,
  `commentabled` bit(1) NOT NULL,
  `content` longtext,
  `create_time` datetime DEFAULT NULL,
  `description` varchar(255) DEFAULT NULL,
  `first_picture` varchar(255) DEFAULT NULL,
  `flag` varchar(255) DEFAULT NULL,
  `published` bit(1) NOT NULL,
  `recommend` bit(1) NOT NULL,
  `share_statement` bit(1) NOT NULL,
  `title` varchar(255) DEFAULT NULL,
  `update_time` datetime DEFAULT NULL,
  `views` int(11) DEFAULT NULL,
  `type_id` bigint(20) DEFAULT NULL,
  `user_id` bigint(20) DEFAULT NULL,
  PRIMARY KEY (`id`),
  KEY `FK292449gwg5yf7ocdlmswv9w4j` (`type_id`),
  KEY `FK8ky5rrsxh01nkhctmo7d48p82` (`user_id`),
  CONSTRAINT `FK292449gwg5yf7ocdlmswv9w4j` FOREIGN KEY (`type_id`) REFERENCES `t_type` (`id`),
  CONSTRAINT `FK8ky5rrsxh01nkhctmo7d48p82` FOREIGN KEY (`user_id`) REFERENCES `t_user` (`id`)
) ENGINE=InnoDB AUTO_INCREMENT=28 DEFAULT CHARSET=utf8;

-- ----------------------------
-- Records of t_blog
-- ----------------------------
INSERT INTO `t_blog` VALUES ('2', '', '', '	积极“备战”；乐观“应战”；努力“奋战”；争取“胜战”！\n	坚持到底，就是胜利！\n	祝福你：旗开得胜，\n	逢考必过！\n	真心地祝福你驾考取得好成绩，发挥出最好的水平。\n	考研胜利，旗开得胜！上岸成功！', '2020-04-10 18:28:37', '腌臜菜', 'http://szq.szq666.xyz/data/User/admin/home/desktop/pic/1%20(2).jpg', '原创', '', '', '', '祝贺李小菜科四凯旋归来！！！', '2020-04-10 18:28:37', '34', '2', '123456');
INSERT INTO `t_blog` VALUES ('3', '', '', '不胖不胖不胖不胖不胖不胖不胖不胖不胖不胖不胖不胖不胖不胖\n不胖不胖不胖不胖不胖不胖不胖不胖不胖不胖\n不胖不胖不胖不胖不胖不胖不胖不胖不胖不胖不胖不胖不胖不胖不胖不胖不胖不胖不胖不胖\n## 不胖不胖不胖不胖不胖不胖不胖不胖不胖不胖不胖不胖不胖不胖\n不胖不胖不胖不胖不胖不胖不胖不胖不胖不胖\n不胖不胖不胖不胖不胖不胖不胖不胖不胖不胖不胖不胖不胖不胖不胖不胖不胖不胖不胖不胖\n#### 不胖不胖不胖不胖不胖不胖不胖不胖不胖不胖不胖不胖不胖不胖\n不胖不胖不胖不胖不胖不胖不胖不胖不胖不胖\n不胖不胖不胖不胖不胖不胖不胖不胖不胖不胖不胖不胖不胖不胖不胖不胖不胖不胖不胖不胖\n## 不胖不胖不胖不胖不胖不胖不胖不胖不胖不胖不胖不胖不胖不胖\n不胖不胖不胖不胖不胖不胖不胖不胖不胖不胖\n不胖不胖不胖不胖不胖不胖不胖不胖不胖不胖不胖不胖不胖不胖不胖不胖不胖不胖不胖不胖\n<img src=\"https://timgsa.baidu.com/timg?image&quality=80&size=b9999_10000&sec=1586524717638&di=877af050af9f61378302332ea0d20e25&imgtype=0&src=http%3A%2F%2Fn.sinaimg.cn%2Fsinacn%2Fw350h352%2F20171220%2F5b54-fypvuqe1767474.jpg\">\n#### 胖不胖不胖不胖不胖不胖不胖不胖不胖不胖不胖不胖不胖不胖不胖不胖不胖不胖不胖不胖不胖不胖不胖不胖不胖不胖不胖不胖不胖不胖不胖不胖不胖不胖不胖不胖不胖不胖不胖不胖不胖不胖不胖不胖不胖不胖不胖不胖不胖不胖不胖不胖不胖不胖不胖不胖不胖不胖不胖不胖不胖不胖不胖不胖不胖不胖不胖不胖不胖不胖不胖不胖不胖不胖不胖不胖不胖不胖不胖不胖不胖不胖不胖不胖不胖不胖不胖不胖不胖不胖不胖不胖不胖不胖不胖不胖不胖不胖不胖不胖不胖不胖不胖不胖不胖不胖不胖不胖不胖不胖不胖不胖不胖不胖不胖不胖不胖不胖不胖不胖不胖不胖不胖不胖不胖不胖不胖不胖不胖不胖不胖不胖不胖不胖不胖不胖不胖不胖不胖不胖不胖不胖不胖不胖不胖不胖不胖不胖不胖不胖不胖不胖不胖不胖不胖不胖不胖不胖不胖不胖不胖不胖不胖不胖不胖不胖不胖不胖不胖不胖不胖不胖不胖不胖不胖不胖不胖不胖不胖不胖不胖不胖不胖不胖不胖不胖不胖不胖不胖不胖不胖不胖不胖不胖不胖不胖不胖不胖不胖不胖不胖不胖不胖不胖不胖不胖不胖不胖不胖不胖不胖不胖不胖不胖不胖不胖不胖不胖不胖不胖不胖不胖不胖不胖不胖不胖不胖不胖不胖不胖不胖不胖不胖不胖不胖不胖不胖不胖不胖不胖不胖不胖不胖不胖不胖不胖不胖不胖不胖不胖不胖不胖不胖不胖不胖不胖不胖不胖不胖不胖不胖不胖不胖不胖不胖不胖不胖不胖不胖不胖不胖不胖不胖不胖不胖不胖不胖不胖不胖不胖不胖不胖不胖不胖不胖不胖不胖不胖不胖不胖不胖不胖不胖不胖不胖不胖不胖不胖不胖不胖不胖不胖不胖不胖不胖不胖不胖不胖不胖不胖不胖不胖不胖不胖不胖不胖不胖不胖不胖不胖不胖不胖不胖不胖不胖不胖不胖不胖不胖不胖不胖不胖不胖不胖不胖不胖不胖不胖不胖不胖不胖不胖不胖不胖不胖不胖不胖不胖不胖不胖不胖不胖不胖不胖不胖不胖不胖不胖不胖不胖不胖不胖不胖不胖不胖不胖不胖不胖不胖不胖不胖不胖不胖不胖不胖不胖不胖不胖不胖不胖不胖不胖不胖不胖不胖不胖不胖不胖不胖不胖不胖不胖不胖不胖不胖不胖不胖不胖不胖不胖不胖不胖不胖不胖不胖不胖不胖不胖不胖不胖不胖不胖不胖不胖不胖不胖不胖不胖不胖不胖不胖不胖不胖不胖不胖不胖不胖不胖不胖不胖不胖不胖不胖不胖不胖不胖不胖不胖不胖不胖不胖不胖不胖不胖不胖不胖不胖不胖不胖不胖不胖不胖不胖不胖不胖不胖不胖不胖不胖不胖不胖不胖不胖不胖不胖不胖不胖不胖不胖不胖不胖不胖不胖不胖不胖不胖不胖不胖不胖不胖不胖不胖不胖不胖不胖不胖不胖不胖不胖不胖不胖不胖不胖不胖不胖不胖不胖不胖不胖不胖不胖不胖不胖不胖不胖不胖不胖不胖不胖不胖不胖不胖不胖不胖不胖不胖不胖不胖不胖不胖不胖不胖不胖不胖不胖不胖不胖不胖不胖不胖不胖不胖不胖不胖不胖不胖不胖不胖不胖不胖不胖不胖不胖不胖不胖不胖不胖不胖不胖不胖不胖不胖不胖不胖不胖不胖不胖不胖不胖不胖不胖不胖不胖不胖不胖不胖不胖不胖不胖不胖不胖不胖不胖不胖不胖不胖不胖不胖不胖不胖不胖不胖不胖不胖不胖不胖不胖不胖不胖不胖不胖不胖不胖不胖不胖不胖不胖不胖不胖不胖不胖不胖不胖不胖不胖不胖不胖不胖不胖不胖不胖不胖不胖不胖不胖不胖不胖不胖不胖不胖不胖不胖不胖不胖不胖不胖不胖不胖不胖不胖不胖不胖不胖不胖不胖不胖不胖不胖不胖不胖不胖不胖不胖不胖不胖不胖不胖不胖不胖不胖不胖不胖不胖不胖不胖不胖不胖不胖不胖不胖不胖不胖不胖不胖不胖不胖不胖不胖不胖不胖不胖不胖不胖不胖不胖不胖不胖不胖不胖不胖不胖不胖不胖不胖不胖不胖不胖不胖不胖不胖不胖不胖不胖不胖不胖不胖不胖不胖不胖不胖不胖不胖不胖不胖不胖不胖不胖不胖不胖不胖不胖不胖不胖不胖不胖不胖不胖不胖不胖不胖不胖不胖不胖不胖不胖不胖不胖不胖不胖不胖不胖不胖不胖不胖不胖不胖不胖不胖不胖不胖不胖不胖不胖不胖不胖不胖不胖不胖不胖不胖不胖不胖不胖不胖不胖不胖不胖不胖不胖不胖不胖不胖不胖不胖不胖不胖不胖不胖不胖不胖不胖不胖不胖不胖不胖不胖不胖不胖不胖不胖不胖不胖不胖不胖不胖不胖不胖不胖不胖不胖不胖不胖不胖不胖不胖不胖不胖不胖不胖不胖不胖不胖不胖不胖不胖不胖不胖不胖不胖不胖不胖不胖不胖不胖不胖不胖不胖不胖不胖不胖不胖不胖不胖不胖不胖不胖不胖不胖不胖不胖不胖不胖不胖不胖不胖不胖不胖不胖不胖不胖不胖不胖不胖不胖不胖不胖不胖不胖不胖不胖不胖不胖不胖不胖不胖不胖不胖不胖不胖不胖不胖不胖不胖不胖不胖不胖不胖不胖不胖不胖不胖不胖不胖不胖不胖不胖不胖不胖不胖不胖不胖不胖不胖不胖不胖不胖不胖不胖不胖不胖不胖不胖不胖不胖不胖不胖不胖不胖不胖不胖不胖不胖不胖不胖不胖不胖', '2020-04-10 18:31:45', 'no fat  no  obesity', 'http://szq.szq666.xyz/data/User/admin/home/desktop/pic/1%20(3).jpg', '原创', '', '\0', '', '菜宝永不胖', '2020-04-10 18:31:45', '21', '2', '123456');
INSERT INTO `t_blog` VALUES ('4', '', '\0', '哈哈哈\r\n```c++\r\n#include<iostream>\r\n```\r\n\r\n\r\n	asdasd\r\n	asdasd\r\n```\r\nimport\r\nclass int floag\r\nfloat a;\r\nSystem.out.print(123);\r\n```', '2020-04-16 10:12:19', 'sadasd', 'http://szq.szq666.xyz/data/User/admin/home/desktop/pic/1%20(4).jpg', '原创', '', '\0', '', 'sad', '2020-04-16 10:12:19', '19', '1', '123456');
INSERT INTO `t_blog` VALUES ('5', '', '', '```\r\n<div class=\"postBody\">           \r\n<div class=\"blogpost-body cnblogs-markdown\" id=\"cnblogs_post_body\">\r\n    <font size=\"3\"> \r\n<h1 id=\"搭建网站one-day\">搭建网站one day</h1>\r\n<h2 id=\"今天跟随着姜大佬，完成了好多好多。\">今天跟随着姜大佬，完成了好多好多。</h2>\r\n<blockquote>\r\n<p>先把网页的一个小错误给更改了。<br>\r\n默认的是index，但是源码是没有加index，直接进入是不需要加的。加上就是错误的，在springboot框架里的indexcontrol层的get方法改成/即可</p>\r\n</blockquote>\r\n<blockquote>\r\n<p>博客首页有一个小错误，里面少了一个双引号，导致刚进入时显示500status error</p>\r\n</blockquote>\r\n<blockquote>\r\n<p>然后为什么要搭建网站呢，因为我们今天也刚好步入web前端开发的正式课程。希望可以增加一下自己的基础。(偷偷告诉你们，疫情的福利：我有6个月免费的服务器)</p>\r\n</blockquote>\r\n<blockquote>\r\n<p>其实Linux的centos版本的服务器是需要大量配置的，就比如一个mysql就需要弄好长时间。各种错误，各种百度。记得第一次冯大佬给我说的时候，一直远程不上mysql，弄了大半天，最后是阿里云控制台的3306端口没有开。。。</p>\r\n</blockquote>\r\n<blockquote>\r\n<p>但是今天就有不一样了， 就像有一个可视化的东西，你要配置的东西点击安装设置等等即可就OK了，配置服务器的工作量就小了很多，接下来就可以用大量的时间去写前端和后端了。哪个宝贝叫做宝塔<br>\r\ndengdengdeng就是这个！<br>\r\n<img alt=\"\" src=\"https://img2020.cnblogs.com/blog/1648896/202003/1648896-20200331173215630-1370884691.png\"><br>\r\n上面就是宝塔<br>\r\n<img alt=\"\" src=\"https://img2020.cnblogs.com/blog/1648896/202003/1648896-20200331173300517-1942390816.png\"><br>\r\n这个是网站，静态网站特别好设置，只需要将你的index.html放到这个网站的一个地方就OK  ，这个是进入网址http://47.115.45.210:6666/d2c2a1fe</p>\r\n</blockquote>\r\n<p><img alt=\"\" src=\"https://img2020.cnblogs.com/blog/1648896/202003/1648896-20200331173520161-2051105444.png\"><br>\r\n里面的数据库一键部署OK。直接就可以用</p>\r\n<p>我的网站项目采用前端框架是vue，后端框架是springboot</p>\r\n<h1 id=\"把这个项目部署到服务器上的步骤是\">把这个项目部署到服务器上的步骤是</h1>\r\n<h3 id=\"1先把你自己的项目打成jar包。\">1先把你自己的项目打成jar包。</h3>\r\n<p><img alt=\"\" src=\"https://img2020.cnblogs.com/blog/1648896/202003/1648896-20200331173716168-401217314.png\"><br>\r\n点击这里的package即可完成</p>\r\n<h3 id=\"2讲这个上传到服务器的某一个目录上。比如下面的root目录\">2讲这个上传到服务器的某一个目录上。比如下面的root目录</h3>\r\n<p><img alt=\"\" src=\"https://img2020.cnblogs.com/blog/1648896/202003/1648896-20200331173816149-1792544468.png\"></p>\r\n<h3 id=\"3先用ssh远程连接服务器\">3先用ssh远程连接服务器</h3>\r\n<pre><code class=\"hljs css\"><span class=\"hljs-selector-tag\">ssh</span> <span class=\"hljs-selector-tag\">root</span>@<span class=\"hljs-keyword\">47</span>.<span class=\"hljs-keyword\">115</span>.<span class=\"hljs-keyword\">45</span>.<span class=\"hljs-keyword\">210</span>\r\nthen password:\r\n</code></pre>\r\n<h3 id=\"4在你上传的目录下执行代码\">4在你上传的目录下执行代码</h3>\r\n<pre><code class=\"hljs nginx\"><span class=\"hljs-attribute\">nohup</span> java -jar blog-<span class=\"hljs-number\">0</span>.<span class=\"hljs-number\">0</span>.<span class=\"hljs-number\">1</span>-SNAPSHOT.jar &gt; temp.out <span class=\"hljs-number\">2</span>&gt;&amp;<span class=\"hljs-number\">1</span> &amp;\r\nps -ef|grep blog-<span class=\"hljs-number\">0</span>.<span class=\"hljs-number\">0</span>.<span class=\"hljs-number\">1</span>-SNAPSHOT.jar\r\n</code></pre>\r\n<h3 id=\"5会生成tempout文件这个是java的重定向，就跟intel-idea产生日志是一样的，如果你本机上是没有问题的。但是我踩了好多的坑，一直是不行的，大部分的情况都是端口没有开放，这样你去阿里云控制台开放一下就可以了。\">5会生成temp.out文件这个是java的重定向，就跟Intel idea产生日志是一样的，如果你本机上是没有问题的。但是我踩了好多的坑，一直是不行的，大部分的情况都是端口没有开放，这样你去阿里云控制台开放一下就可以了。</h3>\r\n<h3 id=\"6根据的网站，我采用了反向代理，然后就直接输入ip就可以访问了，遗憾的是我的域名刚刚买还没有备案成功，还不能访问。\">6根据的网站，我采用了反向代理，然后就直接输入ip就可以访问了，遗憾的是我的域名刚刚买还没有备案成功，还不能访问。</h3>\r\n<p><img alt=\"\" src=\"https://img2020.cnblogs.com/blog/1648896/202003/1648896-20200331174701125-661284758.png\"><br>\r\n如果不采用反向代理，我就必须得加上tomcat的8080端口号，但是我懒，我不想加，就给他反向代理了一下。</p>\r\n<h3 id=\"7关于博客数据库，-ddl-auto-update是可以根据写的实体类里面自动生成数据库的，这样就不用再麻烦的创建数据库了。\">7关于博客数据库， ddl-auto: update是可以根据写的实体类里面自动生成数据库的，这样就不用再麻烦的创建数据库了。</h3>\r\n<p><img alt=\"\" src=\"https://img2020.cnblogs.com/blog/1648896/202003/1648896-20200331174818726-1402603169.png\"></p>\r\n<p>然后就是，今天对root、/目录有了更深的理解，之前迷迷糊糊的</p>\r\n<blockquote>\r\n<p>@前面是用户名，我在root下，最后面是~说明是在家里，普通用户在home里，root用户在root里<br>\r\n<img alt=\"\" src=\"https://img2020.cnblogs.com/blog/1648896/202003/1648896-20200331175008936-1200930121.png\"><br>\r\n而这个符合/是跟目录是服务器的根目录，而菲比root目录。<br>\r\n<img alt=\"\" src=\"https://img2020.cnblogs.com/blog/1648896/202003/1648896-20200331175105567-2039209259.png\"></p>\r\n</blockquote>\r\n<h3 id=\"还有就是，这课着实有点多。。。\">还有就是，这课着实有点多。。。</h3>\r\n<blockquote>\r\n<p>最后安利一下，有道词典，这两天再做英语阅读，翻译还是比较难的，然后词汇量还行，就是简单的词，生僻的意思，还有就是介词短语不咋会翻译。不会的词也有,然后我通过有道词典记录下来了，然后晚上的时候看，这总比无厘头的背单词好，而且被阅读难住的词印象深刻，我觉得可以。<br>\r\n<img alt=\"\" src=\"https://img2020.cnblogs.com/blog/1648896/202003/1648896-20200331175354490-326072635.png\">PC<br>\r\n<img alt=\"\" src=\"https://img2020.cnblogs.com/blog/1648896/202003/1648896-20200331175512428-489196937.png\">Android</p>\r\n</blockquote>\r\n\r\n</font></div><font size=\"3\">\r\n<div id=\"MySignature\"></div>\r\n<div class=\"clear\"></div>\r\n<div id=\"blog_post_info_block\"><div id=\"BlogPostCategory\">\r\n    分类: \r\n            <a href=\"https://www.cnblogs.com/shenxiaodou/category/1685814.html\" target=\"_blank\">网站建设</a></div>\r\n\r\n\r\n    <div id=\"blog_post_info\">\r\n<div id=\"green_channel\">\r\n        <a id=\"green_channel_digg\" onclick=\"DiggIt(12606927,cb_blogId,1);green_channel_success(this,\'谢谢推荐！\');\" href=\"javascript:void(0);\">好文要顶</a>\r\n        <a id=\"green_channel_follow\" onclick=\"follow(\'d711a1cb-bb82-42fe-0824-08d6b53ef329\');\" href=\"javascript:void(0);\">关注我</a>\r\n    <a id=\"green_channel_favorite\" onclick=\"AddToWz(cb_entryId);return false;\" href=\"javascript:void(0);\">收藏该文</a>\r\n    <a title=\"分享至新浪微博\" id=\"green_channel_weibo\" onclick=\"ShareToTsina()\" href=\"javascript:void(0);\"><img alt=\"\" src=\"https://common.cnblogs.com/images/icon_weibo_24.png\"></a>\r\n    <a title=\"分享至微信\" id=\"green_channel_wechat\" onclick=\"shareOnWechat()\" href=\"javascript:void(0);\"><img alt=\"\" src=\"https://common.cnblogs.com/images/wechat.png\"></a>\r\n</div>\r\n<div id=\"author_profile\">\r\n    <div class=\"author_profile_info\" id=\"author_profile_info\">\r\n            <a href=\"https://home.cnblogs.com/u/shenxiaodou/\" target=\"_blank\"><img class=\"author_avatar\" alt=\"\" src=\"https://pic.cnblogs.com/face/1648896/20200315231404.png\"></a>\r\n        <div class=\"author_profile_info\" id=\"author_profile_detail\">\r\n            <a href=\"https://home.cnblogs.com/u/shenxiaodou/\">小申同学</a><br>\r\n            <a href=\"https://home.cnblogs.com/u/shenxiaodou/followees/\">关注 - 7</a><br>\r\n            <a href=\"https://home.cnblogs.com/u/shenxiaodou/followers/\">粉丝 - 4</a>\r\n        </div>\r\n    </div>\r\n    <div class=\"clear\"></div>\r\n    <div id=\"author_profile_honor\"></div>\r\n    <div id=\"author_profile_follow\">\r\n                <a onclick=\"follow(\'d711a1cb-bb82-42fe-0824-08d6b53ef329\');return false;\" href=\"javascript:void(0);\">+加关注</a>\r\n    </div>\r\n</div>\r\n<div id=\"div_digg\">\r\n    <div class=\"diggit\" onclick=\"votePost(12606927,\'Digg\')\">\r\n        <span class=\"diggnum\" id=\"digg_count\">0</span>\r\n    </div>\r\n    <div class=\"buryit\" onclick=\"votePost(12606927,\'Bury\')\">\r\n        <span class=\"burynum\" id=\"bury_count\">0</span>\r\n    </div>\r\n    <div class=\"clear\"></div>\r\n    <div class=\"diggword\" id=\"digg_tips\">\r\n    </div>\r\n</div>\r\n\r\n<script type=\"text/javascript\">\r\n    currentDiggType = 0;\r\n</script></div>\r\n    <div class=\"clear\"></div>\r\n    <div id=\"post_next_prev\">\r\n    <a class=\"p_n_p_prefix\" href=\"https://www.cnblogs.com/shenxiaodou/p/12597455.html\">« </a> 上一篇：    <a title=\"发布于 2020-03-30 11:30\" href=\"https://www.cnblogs.com/shenxiaodou/p/12597455.html\">ma\'p\'ma\'p\'ma\'p</a>\r\n    <br>\r\n    <a class=\"p_n_p_prefix\" href=\"https://www.cnblogs.com/shenxiaodou/p/12608027.html\">» </a> 下一篇：    <a title=\"发布于 2020-03-31 20:22\" href=\"https://www.cnblogs.com/shenxiaodou/p/12608027.html\">协议栈处理过程</a>\r\n\r\n</div>\r\n</div>\r\n            </font></div>\r\n```', '2020-04-26 16:11:47', '网站开发', 'http://szq.szq666.xyz/2034aad23b7118a6.jpg', '原创', '', '', '', '网站开发', '2020-05-18 10:36:28', '34', '6', '123456');
INSERT INTO `t_blog` VALUES ('6', '\0', '\0', '<div id=\"cnblogs_post_body\" class=\"blogpost-body cnblogs-markdown\">\r\n    <style>\r\n	/*解析*/\r\n	@media screen and (min-width: 0px) {\r\n\r\n		.__zy_bounce __zy_animated __zy_infinite {\r\n			display: none;\r\n		}\r\n\r\n		.div-box {\r\n			display: flex;\r\n			height: 40px;\r\n			line-height: 40px;\r\n			background: #fff;\r\n			text-align: center;\r\n			width: 100%;\r\n			margin-top: 20px;\r\n			background-color: var(--BlockColor);\r\n		}\r\n\r\n		.input-url {\r\n			flex: 1;\r\n			padding: 10px;\r\n			outline: none;\r\n			margin-left: 5px;\r\n			background: var(--BlockColor);\r\n			border: 1px solid var(--DividColor);\r\n			border-radius: 4px;\r\n			color: inherit;\r\n		}\r\n\r\n		.jiexi {\r\n			/*width: 100px;*/\r\n			background: var(--ThemeColor);\r\n			border: 1px solid var(--ThemeColor);\r\n			padding: 10px 20px;\r\n			border-radius: 4px;\r\n			margin: 0 4px 0 10px;\r\n			height: 40px;\r\n			outline: none;\r\n			color: #fff;\r\n		}\r\n\r\n		.jiexi:hover {\r\n			opacity: 0.9;\r\n		}\r\n\r\n		/* 下拉 */\r\n		.dropdown {\r\n			position: relative;\r\n			display: inline-block;\r\n			margin-right: 10px;\r\n		}\r\n\r\n		.dropdown-content {\r\n			display: none;\r\n			z-index: 9999;\r\n			/*margin-left: 10px;*/\r\n			position: absolute;\r\n			background-color: var(--BlockColor);\r\n			width: 90px;\r\n			color: inherit;\r\n			border-radius: 4px;\r\n			box-shadow: 0px 8px 16px 0px rgba(0, 0, 0, 0.2);\r\n		}\r\n\r\n		.dropdown:hover .dropdown-content {\r\n			display: block;\r\n		}\r\n\r\n		.dropdown-content p {\r\n			color: inherit;\r\n			display: block;\r\n			cursor: pointer;\r\n		}\r\n\r\n		.dropdown-content p:hover {\r\n			background-color: var(--BackgroundColor);\r\n		}\r\n	}\r\n\r\n</style>\r\n<div class=\"div-box\" sytle=\"background-color:var(--BlockColor)\">\r\n	<input id=\"url\" type=\"url\" class=\"input-url\" placeholder=\"请输入视频地址\">\r\n        <input type=\"submit\" value=\"解析\" class=\"jiexi\" onclick=\"jiexi3();\">\r\n	<div class=\"dropdown\">       \r\n        <input type=\"submit\" value=\"选项\" class=\"jiexi\" onclick=\"jiexi3();\">\r\n		<div class=\"dropdown-content\">     \r\n			<p onclick=\"jiexi1();\">路线1</p>\r\n			<p onclick=\"jiexi2();\">路线2</p>\r\n                        <p onclick=\"jiexi3();\">路线3</p>\r\n		</div>\r\n	</div>\r\n</div>\r\n<div class=\"video\">\r\n	<iframe id=\"iframe_jiexi\" src=\"https://api.sigujx.com/?url=\" scrolling=\"no\" border=\"0\" frameborder=\"no\" framespacing=\"0\" allowfullscreen=\"true\" style=\"background-repeat:no-repeat ;background-size:100%100%;background-image:url(https://cbu01.alicdn.com/img/ibank/2019/694/265/11144562496.jpg)\">\r\n	</iframe>\r\n</div>\r\n\r\n<br>\r\n<p>使用方法</p>\r\n<ul>\r\n<li>打开你要看的会员视频网址(支持大部分视频网站)，将地址复制。</li>\r\n<li>粘贴到上面的输入框中，点击解析，稍等一会儿，即可观看。</li>\r\n</ul>\r\n\r\n</div>', '2020-04-26 17:20:27', '加油', 'http://szq.szq666.xyz/data/User/admin/home/desktop/pic/1%20(6).jpg', '原创', '', '', '', '视频解析', '2020-04-26 17:20:27', '17', '1', '123456');
INSERT INTO `t_blog` VALUES ('7', '', '', '![](https://img2020.cnblogs.com/blog/1648896/202004/1648896-20200424155731065-1644328125.png)\r\n\r\n![](https://img2020.cnblogs.com/blog/1648896/202004/1648896-20200424155802628-1744403718.png)\r\n\r\n\r\n哭泣，我终于有了自己的名字！\r\n![](https://img2020.cnblogs.com/blog/1648896/202004/1648896-20200424155900225-2033161764.png)\r\n', '2020-04-26 17:23:31', '哈哈哈', 'http://szq.szq666.xyz/data/User/admin/home/desktop/pic/1%20(7).jpg', '原创', '', '', '', '妈妈再也不用担心我找激活码了', '2020-05-03 19:53:03', '27', '2', '123456');
INSERT INTO `t_blog` VALUES ('8', '', '', '<div class=\"postBody\">\r\n<div id=\"cnblogs_post_body\" class=\"blogpost-body cnblogs-markdown\">\r\n    <div class=\"clipboard-button\" id=\"copy_btn_0 \" data-clipboard-target=\"#copy_target_0\" title=\"复制代码\" style=\"padding: 4px; border-radius: 2px; text-align: right; user-select: none;\">复制代码</div><pre id=\"copy_target_0\"><code class=\"hljs cpp\"><span class=\"hljs-meta\">#<span class=\"hljs-meta-keyword\">include</span><span class=\"hljs-meta-string\">&lt;iostream&gt;</span></span>\r\n<span class=\"hljs-meta\">#<span class=\"hljs-meta-keyword\">include</span><span class=\"hljs-meta-string\">&lt;sstream&gt;</span></span>\r\n<span class=\"hljs-meta\">#<span class=\"hljs-meta-keyword\">include</span><span class=\"hljs-meta-string\">&lt;algorithm&gt;</span></span>\r\n<span class=\"hljs-meta\">#<span class=\"hljs-meta-keyword\">include</span><span class=\"hljs-meta-string\">&lt;cstdio&gt;</span></span>\r\n<span class=\"hljs-meta\">#<span class=\"hljs-meta-keyword\">include</span><span class=\"hljs-meta-string\">&lt;math.h&gt;</span></span>\r\n<span class=\"hljs-meta\">#<span class=\"hljs-meta-keyword\">include</span><span class=\"hljs-meta-string\">&lt;set&gt;</span></span>\r\n<span class=\"hljs-meta\">#<span class=\"hljs-meta-keyword\">include</span><span class=\"hljs-meta-string\">&lt;vector&gt;</span></span>\r\n<span class=\"hljs-meta\">#<span class=\"hljs-meta-keyword\">include</span><span class=\"hljs-meta-string\">&lt;string.h&gt;</span></span>\r\n<span class=\"hljs-keyword\">using</span> <span class=\"hljs-keyword\">namespace</span> <span class=\"hljs-built_in\">std</span>;\r\n<span class=\"hljs-keyword\">const</span> <span class=\"hljs-keyword\">int</span> maxn=<span class=\"hljs-number\">1e5</span>+<span class=\"hljs-number\">10</span>;\r\n<span class=\"hljs-keyword\">typedef</span> <span class=\"hljs-keyword\">long</span> <span class=\"hljs-keyword\">long</span> ll;\r\n \r\n<span class=\"hljs-function\"><span class=\"hljs-keyword\">int</span> <span class=\"hljs-title\">main</span><span class=\"hljs-params\">()</span>\r\n</span>{\r\n	<span class=\"hljs-keyword\">int</span> n;\r\n	<span class=\"hljs-built_in\">cin</span>&gt;&gt;n;\r\n  \r\n	<span class=\"hljs-keyword\">char</span> s;\r\n	<span class=\"hljs-built_in\">cin</span>&gt;&gt;s;\r\n	getchar();    <span class=\"hljs-comment\">//gerchar()我也不知道什么时候加  ，不对的时候加一下</span>\r\n<span class=\"hljs-comment\">//	char s1[11500]; </span>\r\n<span class=\"hljs-comment\">//	cin.get(s1,11500);  //char *是cin.get(string,string.length());</span>\r\n	<span class=\"hljs-built_in\">string</span> s1;\r\n	getline(<span class=\"hljs-built_in\">cin</span>,s1);   <span class=\"hljs-comment\">// getline is  string 对象 （cin,s1)</span>\r\n<span class=\"hljs-comment\">//	</span>\r\n<span class=\"hljs-comment\">//	int len = strlen(s1);</span>\r\n<span class=\"hljs-comment\">//	</span>\r\n	\r\n<span class=\"hljs-comment\">//	int c = n-len;</span>\r\n	<span class=\"hljs-keyword\">int</span> c = n - s1.length();\r\n	<span class=\"hljs-keyword\">if</span>(c &gt; <span class=\"hljs-number\">0</span>){\r\n		\r\n		<span class=\"hljs-keyword\">for</span>(<span class=\"hljs-keyword\">int</span> i = <span class=\"hljs-number\">0</span> ; i &lt; c ; i++){\r\n		<span class=\"hljs-built_in\">cout</span>&lt;&lt;s; \r\n	}\r\n	\r\n	<span class=\"hljs-built_in\">cout</span>&lt;&lt;s1;\r\n	\r\n}\r\n <span class=\"hljs-keyword\">else</span>\r\n \r\n {  \r\n    <span class=\"hljs-keyword\">int</span> c1=s1.length() - n;\r\n	\r\n	<span class=\"hljs-keyword\">for</span>(<span class=\"hljs-keyword\">int</span> i = c1; i &lt; s1.length()  ; i++){\r\n		\r\n		<span class=\"hljs-built_in\">cout</span>&lt;&lt;s1[i];\r\n	} \r\n}\r\n	\r\n	\r\n}\r\n</code></pre>\r\n\r\n</div>\r\n<div id=\"MySignature\"></div>\r\n<div class=\"clear\"></div>\r\n<div id=\"blog_post_info_block\"><div id=\"BlogPostCategory\">\r\n    分类: \r\n            <a href=\"https://www.cnblogs.com/shenxiaodou/category/1435257.html\" target=\"_blank\">蓝桥杯</a></div>\r\n\r\n\r\n    <div id=\"blog_post_info\">\r\n<div id=\"green_channel\">\r\n        <a href=\"javascript:void(0);\" id=\"green_channel_digg\" onclick=\"DiggIt(12577807,cb_blogId,1);green_channel_success(this,\'谢谢推荐！\');\">好文要顶</a>\r\n        <a id=\"green_channel_follow\" onclick=\"follow(\'d711a1cb-bb82-42fe-0824-08d6b53ef329\');\" href=\"javascript:void(0);\">关注我</a>\r\n    <a id=\"green_channel_favorite\" onclick=\"AddToWz(cb_entryId);return false;\" href=\"javascript:void(0);\">收藏该文</a>\r\n    <a id=\"green_channel_weibo\" href=\"javascript:void(0);\" title=\"分享至新浪微博\" onclick=\"ShareToTsina()\"><img src=\"https://common.cnblogs.com/images/icon_weibo_24.png\" alt=\"\"></a>\r\n    <a id=\"green_channel_wechat\" href=\"javascript:void(0);\" title=\"分享至微信\" onclick=\"shareOnWechat()\"><img src=\"https://common.cnblogs.com/images/wechat.png\" alt=\"\"></a>\r\n</div>\r\n<div id=\"author_profile\">\r\n    <div id=\"author_profile_info\" class=\"author_profile_info\">\r\n            <a href=\"https://home.cnblogs.com/u/shenxiaodou/\" target=\"_blank\"><img src=\"https://pic.cnblogs.com/face/1648896/20200315231404.png\" class=\"author_avatar\" alt=\"\"></a>\r\n        <div id=\"author_profile_detail\" class=\"author_profile_info\">\r\n            <a href=\"https://home.cnblogs.com/u/shenxiaodou/\">小申同学</a><br>\r\n            <a href=\"https://home.cnblogs.com/u/shenxiaodou/followees/\">关注 - 7</a><br>\r\n            <a href=\"https://home.cnblogs.com/u/shenxiaodou/followers/\">粉丝 - 4</a>\r\n        </div>\r\n    </div>\r\n    <div class=\"clear\"></div>\r\n    <div id=\"author_profile_honor\"></div>\r\n    <div id=\"author_profile_follow\">\r\n    </div>\r\n</div>\r\n<div id=\"div_digg\">\r\n    <div class=\"diggit\" onclick=\"votePost(12577807,\'Digg\')\">\r\n        <span class=\"diggnum\" id=\"digg_count\">0</span>\r\n    </div>\r\n    <div class=\"buryit\" onclick=\"votePost(12577807,\'Bury\')\">\r\n        <span class=\"burynum\" id=\"bury_count\">0</span>\r\n    </div>\r\n    <div class=\"clear\"></div>\r\n    <div class=\"diggword\" id=\"digg_tips\">\r\n    </div>\r\n</div>\r\n\r\n<script type=\"text/javascript\">\r\n    currentDiggType = 0;\r\n</script></div>\r\n    <div class=\"clear\"></div>\r\n    <div id=\"post_next_prev\">\r\n\r\n    <a href=\"https://www.cnblogs.com/shenxiaodou/p/12574695.html\" class=\"p_n_p_prefix\">« </a> 上一篇：    <a href=\"https://www.cnblogs.com/shenxiaodou/p/12574695.html\" title=\"发布于 2020-03-26 15:22\">数列排序</a>\r\n    <br>\r\n    <a href=\"https://www.cnblogs.com/shenxiaodou/p/12587761.html\" class=\"p_n_p_prefix\">» </a> 下一篇：    <a href=\"https://www.cnblogs.com/shenxiaodou/p/12587761.html\" title=\"发布于 2020-03-28 15:53\">网络翻译</a>\r\n\r\n</div>\r\n</div>\r\n            </div>', '2020-04-26 17:25:37', '吃字符串的空格', 'http://szq.szq666.xyz/data/User/admin/home/desktop/pic/1%20(8).jpg', '原创', '', '\0', '', '吃字符串的空格', '2020-04-26 17:25:37', '22', '1', '123456');
INSERT INTO `t_blog` VALUES ('9', '\0', '\0', '<div class=\"postBody\">\r\n                \r\n<div class=\"blogpost-body cnblogs-markdown\" id=\"cnblogs_post_body\">\r\n    <font size=\"5\">\r\n<h1 id=\"1、下载tomcat\">1、下载tomcat</h1>\r\n<p><a href=\"https://tomcat.apache.org/download-90.cgi\">https://tomcat.apache.org/download-90.cgi</a></p>\r\n<h1 id=\"2、直接下载安装包类型，不需要配置环境变量\">2、直接下载安装包类型，不需要配置环境变量</h1>\r\n<p><img alt=\"\" src=\"https://img2020.cnblogs.com/blog/1648896/202004/1648896-20200415145137221-1477760011.png\"></p>\r\n<h1 id=\"3、下载eclipse-java-ee\">3、下载eclipse java ee</h1>\r\n<p><img alt=\"\" src=\"https://img2020.cnblogs.com/blog/1648896/202004/1648896-20200415145253690-1559206069.png\"></p>\r\n<h1 id=\"4、java-ee里window-preferences\">4、java ee里window-&gt;preferences</h1>\r\n<p>搜索runtime environment<br>\r\n<img alt=\"\" src=\"https://img2020.cnblogs.com/blog/1648896/202004/1648896-20200415145400722-1005969853.png\"><br>\r\n选择tomcat版本<br>\r\n<img alt=\"\" src=\"https://img2020.cnblogs.com/blog/1648896/202004/1648896-20200415145414537-1736329583.png\"><br>\r\n选择jdk版本<br>\r\n<img alt=\"\" src=\"https://img2020.cnblogs.com/blog/1648896/202004/1648896-20200415145430567-1972249340.png\"><br>\r\nfinished</p>\r\n<h1 id=\"5、新建一个动态网页项目\">5、新建一个动态网页项目</h1>\r\n<p>file-&gt;new-&gt;Dynamic Web Project<br>\r\n<img alt=\"\" src=\"https://img2020.cnblogs.com/blog/1648896/202004/1648896-20200415145736787-1188062112.png\"><br>\r\n没有的图next就完事<br>\r\n<img alt=\"\" src=\"https://img2020.cnblogs.com/blog/1648896/202004/1648896-20200415145803713-696833456.png\"></p>\r\n<h1 id=\"6、web-content建立html-或者jsp\">6、web Content建立html 或者jsp</h1>\r\n<p>右键<img alt=\"\" src=\"https://img2020.cnblogs.com/blog/1648896/202004/1648896-20200415145946781-1024111106.png\"></p>\r\n<p><img alt=\"\" src=\"https://img2020.cnblogs.com/blog/1648896/202004/1648896-20200415145928725-1986609410.png\"><br>\r\n<img alt=\"\" src=\"https://img2020.cnblogs.com/blog/1648896/202004/1648896-20200415150049969-245609560.png\"><br>\r\n不行的时候配置一下端口号，停止其他tomcat运行<br>\r\n<img alt=\"\" src=\"https://img2020.cnblogs.com/blog/1648896/202004/1648896-20200415150128779-1000770089.png\"><br>\r\n将新的程序加入serve中<br>\r\n<img alt=\"\" src=\"https://img2020.cnblogs.com/blog/1648896/202004/1648896-20200415150230353-1208201229.png\"><br>\r\n成功访问</p>\r\n\r\n</font></div><font size=\"5\">\r\n<div id=\"MySignature\"></div>\r\n<div class=\"clear\"></div>\r\n<div id=\"blog_post_info_block\"><div id=\"BlogPostCategory\">\r\n    分类: \r\n            <a href=\"https://www.cnblogs.com/shenxiaodou/category/1685814.html\" target=\"_blank\">网站建设</a></div>\r\n\r\n\r\n    <div id=\"blog_post_info\">\r\n<div id=\"green_channel\">\r\n        <a id=\"green_channel_digg\" onclick=\"DiggIt(12705396,cb_blogId,1);green_channel_success(this,\'谢谢推荐！\');\" href=\"javascript:void(0);\">好文要顶</a>\r\n        <a id=\"green_channel_follow\" onclick=\"follow(\'d711a1cb-bb82-42fe-0824-08d6b53ef329\');\" href=\"javascript:void(0);\">关注我</a>\r\n    <a id=\"green_channel_favorite\" onclick=\"AddToWz(cb_entryId);return false;\" href=\"javascript:void(0);\">收藏该文</a>\r\n    <a title=\"分享至新浪微博\" id=\"green_channel_weibo\" onclick=\"ShareToTsina()\" href=\"javascript:void(0);\"><img alt=\"\" src=\"https://common.cnblogs.com/images/icon_weibo_24.png\"></a>\r\n    <a title=\"分享至微信\" id=\"green_channel_wechat\" onclick=\"shareOnWechat()\" href=\"javascript:void(0);\"><img alt=\"\" src=\"https://common.cnblogs.com/images/wechat.png\"></a>\r\n</div>\r\n<div id=\"author_profile\">\r\n    <div class=\"author_profile_info\" id=\"author_profile_info\">\r\n            <a href=\"https://home.cnblogs.com/u/shenxiaodou/\" target=\"_blank\"><img class=\"author_avatar\" alt=\"\" src=\"https://pic.cnblogs.com/face/1648896/20200315231404.png\"></a>\r\n        <div class=\"author_profile_info\" id=\"author_profile_detail\">\r\n            <a href=\"https://home.cnblogs.com/u/shenxiaodou/\">小申同学</a><br>\r\n            <a href=\"https://home.cnblogs.com/u/shenxiaodou/followees/\">关注 - 7</a><br>\r\n            <a href=\"https://home.cnblogs.com/u/shenxiaodou/followers/\">粉丝 - 4</a>\r\n        </div>\r\n    </div>\r\n    <div class=\"clear\"></div>\r\n    <div id=\"author_profile_honor\"></div>\r\n    <div id=\"author_profile_follow\">\r\n                <a onclick=\"follow(\'d711a1cb-bb82-42fe-0824-08d6b53ef329\');return false;\" href=\"javascript:void(0);\">+加关注</a>\r\n    </div>\r\n</div>\r\n<div id=\"div_digg\">\r\n    <div class=\"diggit\" onclick=\"votePost(12705396,\'Digg\')\">\r\n        <span class=\"diggnum\" id=\"digg_count\">0</span>\r\n    </div>\r\n    <div class=\"buryit\" onclick=\"votePost(12705396,\'Bury\')\">\r\n        <span class=\"burynum\" id=\"bury_count\">0</span>\r\n    </div>\r\n    <div class=\"clear\"></div>\r\n    <div class=\"diggword\" id=\"digg_tips\">\r\n    </div>\r\n</div>\r\n\r\n<script type=\"text/javascript\">\r\n    currentDiggType = 0;\r\n</script></div>\r\n    <div class=\"clear\"></div>\r\n    <div id=\"post_next_prev\">\r\n\r\n</div>\r\n</div>\r\n            </font></div>', '2020-04-26 17:40:28', 'https://pic.ibaotu.com/00/36/41/16A888piChI6.jpg-0.jpg!ww7002', 'http://szq.szq666.xyz/data/User/admin/home/desktop/pic/1%20(9).jpg', '原创', '', '', '', 'Tomcat集成于eclipse', '2020-04-26 17:40:28', '13', '1', '123456');
INSERT INTO `t_blog` VALUES ('10', '\0', '\0', '<div class=\"postBody\">\r\n                \r\n<div class=\"blogpost-body cnblogs-markdown\" id=\"cnblogs_post_body\">\r\n    <font size=\"3\"> \r\n<h1 id=\"scroller-0\" offset=\"1\">迷宫</h1>\r\n<p>小明置身于一个迷宫，请你帮小明找出从起点到终点的最短路程。<br>\r\n小明只能向上下左右四个方向移动。</p>\r\n<p>输入</p>\r\n<p>输入包含多组测试数据。输入的第一行是一个整数T，表示有T组测试数据。<br>\r\n每组输入的第一行是两个整数N和M（1&lt;=N,M&lt;=100）。<br>\r\n接下来N行，每行输入M个字符，每个字符表示迷宫中的一个小方格。<br>\r\n字符的含义如下：<br>\r\n‘S’：起点<br>\r\n‘E’：终点<br>\r\n‘-’：空地，可以通过<br>\r\n‘#’：障碍，无法通过<br>\r\n输入数据保证有且仅有一个起点和终点。</p>\r\n<p>输出</p>\r\n<p>对于每组输入，输出从起点到终点的最短路程，如果不存在从起点到终点的路，则输出-1。</p>\r\n<p>样例输入</p>\r\n<div title=\"复制代码\" class=\"clipboard-button\" id=\"copy_btn_0 \" style=\"padding: 4px; border-radius: 2px; text-align: right; -ms-user-select: none;\" data-clipboard-target=\"#copy_target_0\">复制代码</div><pre id=\"copy_target_0\"><code class=\"hljs shell\">1\r\n5 5\r\n<span class=\"hljs-meta\">S-#</span><span class=\"bash\"><span class=\"hljs-comment\">##</span></span>\r\n-----\r\n<span class=\"hljs-meta\">#</span><span class=\"bash\"><span class=\"hljs-comment\">#---</span></span>\r\n<span class=\"hljs-meta\">E#</span><span class=\"bash\">---</span>\r\n<span class=\"hljs-meta\">---#</span><span class=\"bash\"><span class=\"hljs-comment\">#</span></span>\r\n</code></pre>\r\n<p>样例输出</p>\r\n<div title=\"复制代码\" class=\"clipboard-button\" id=\"copy_btn_1 \" style=\"padding: 4px; border-radius: 2px; text-align: right; -ms-user-select: none;\" data-clipboard-target=\"#copy_target_1\">复制代码</div><pre id=\"copy_target_1\"><code class=\"hljs\">9\r\n</code></pre>\r\n<div title=\"复制代码\" class=\"clipboard-button\" id=\"copy_btn_2 \" style=\"padding: 4px; border-radius: 2px; text-align: right; -ms-user-select: none;\" data-clipboard-target=\"#copy_target_2\">复制代码</div><pre id=\"copy_target_2\"><code class=\"hljs cpp\"><span class=\"hljs-meta\">#<span class=\"hljs-meta-keyword\">include</span><span class=\"hljs-meta-string\">&lt;iostream&gt;</span></span>\r\n<span class=\"hljs-meta\">#<span class=\"hljs-meta-keyword\">include</span><span class=\"hljs-meta-string\">&lt;queue&gt;</span></span>\r\n<span class=\"hljs-meta\">#<span class=\"hljs-meta-keyword\">include</span><span class=\"hljs-meta-string\">&lt;string.h&gt;</span></span>\r\n<span class=\"hljs-meta\">#<span class=\"hljs-meta-keyword\">include</span><span class=\"hljs-meta-string\">&lt;algorithm&gt;</span></span>\r\n<span class=\"hljs-keyword\">using</span> <span class=\"hljs-keyword\">namespace</span> <span class=\"hljs-built_in\">std</span>;\r\n\r\n\r\n<span class=\"hljs-keyword\">const</span> <span class=\"hljs-keyword\">int</span> maxn=<span class=\"hljs-number\">1e3</span>+<span class=\"hljs-number\">10</span>;\r\n<span class=\"hljs-keyword\">int</span> n,m;\r\n<span class=\"hljs-keyword\">int</span> dxy[<span class=\"hljs-number\">4</span>][<span class=\"hljs-number\">2</span>]={<span class=\"hljs-number\">1</span>,<span class=\"hljs-number\">0</span>,<span class=\"hljs-number\">0</span>,<span class=\"hljs-number\">1</span>,<span class=\"hljs-number\">-1</span>,<span class=\"hljs-number\">0</span>,<span class=\"hljs-number\">0</span>,<span class=\"hljs-number\">-1</span>};\r\n<span class=\"hljs-keyword\">char</span> mp[maxn][maxn];\r\n<span class=\"hljs-keyword\">int</span> vis[maxn][maxn];\r\n\r\n<span class=\"hljs-class\"><span class=\"hljs-keyword\">struct</span> <span class=\"hljs-title\">node</span>{</span>\r\n	<span class=\"hljs-keyword\">int</span> x;\r\n	<span class=\"hljs-keyword\">int</span> y;\r\n	<span class=\"hljs-keyword\">int</span> level;\r\n	node(<span class=\"hljs-keyword\">int</span> xx,<span class=\"hljs-keyword\">int</span> yy,<span class=\"hljs-keyword\">int</span> llee)\r\n	{\r\n		x=xx;\r\n		y=yy;\r\n		level=llee;\r\n	}\r\n};\r\n \r\n<span class=\"hljs-built_in\">queue</span>&lt;node&gt;q;\r\n<span class=\"hljs-function\"><span class=\"hljs-keyword\">int</span> <span class=\"hljs-title\">check</span><span class=\"hljs-params\">(<span class=\"hljs-keyword\">int</span> x,<span class=\"hljs-keyword\">int</span> y)</span></span>{\r\n	\r\n	<span class=\"hljs-keyword\">if</span>(x&lt;<span class=\"hljs-number\">0</span> || x&gt;=n || y&lt;<span class=\"hljs-number\">0</span> || y&gt;=m ||vis[x][y] ||mp[x][y]==<span class=\"hljs-string\">\'#\'</span>)\r\n	<span class=\"hljs-keyword\">return</span> <span class=\"hljs-number\">0</span>;\r\n	<span class=\"hljs-keyword\">return</span> <span class=\"hljs-number\">1</span>;\r\n\r\n}\r\n\r\n<span class=\"hljs-function\"><span class=\"hljs-keyword\">int</span> <span class=\"hljs-title\">bfs</span><span class=\"hljs-params\">(<span class=\"hljs-keyword\">int</span> x,<span class=\"hljs-keyword\">int</span> y)</span>\r\n</span>{\r\n	vis[x][y]=<span class=\"hljs-number\">1</span>;\r\n \r\n	q.push(node(x,y,<span class=\"hljs-number\">0</span>));  <span class=\"hljs-comment\">//先进队列，  </span>\r\n\r\n	<span class=\"hljs-keyword\">while</span>(!q.empty()){  <span class=\"hljs-comment\">//队列不为空 </span>\r\n	\r\n		\r\n		<span class=\"hljs-keyword\">int</span> X,Y,Z;\r\n	    node a=q.front();\r\n		X=a.x;					<span class=\"hljs-comment\">//出一个 </span>\r\n		Y=a.y;\r\n		Z=a.level;\r\n		<span class=\"hljs-keyword\">if</span>(mp[a.x][a.y]==<span class=\"hljs-string\">\'E\'</span>)   <span class=\"hljs-comment\">//终止条件 </span>\r\n		<span class=\"hljs-keyword\">return</span> Z;\r\n		q.pop();\r\n		<span class=\"hljs-keyword\">for</span>(<span class=\"hljs-keyword\">int</span> i=<span class=\"hljs-number\">0</span>;i&lt;<span class=\"hljs-number\">4</span>;i++){  <span class=\"hljs-comment\">//循环4个方向</span>\r\n		\r\n		<span class=\"hljs-keyword\">int</span> dx=a.x+dxy[i][<span class=\"hljs-number\">0</span>];\r\n		<span class=\"hljs-keyword\">int</span> dy=a.y+dxy[i][<span class=\"hljs-number\">1</span>]; \r\n		\r\n		<span class=\"hljs-keyword\">if</span>(check(dx,dy)){\r\n			vis[dx][dy]=<span class=\"hljs-number\">1</span>;\r\n			\r\n			q.push(node(dx,dy,a.level+<span class=\"hljs-number\">1</span>));  <span class=\"hljs-comment\">//满足条件加入节点 </span>\r\n		}\r\n		 \r\n		\r\n		\r\n		\r\n	}\r\n}\r\n}\r\n\r\n<span class=\"hljs-function\"><span class=\"hljs-keyword\">int</span> <span class=\"hljs-title\">main</span><span class=\"hljs-params\">()</span>\r\n</span>{\r\n	<span class=\"hljs-keyword\">int</span> k;\r\n	<span class=\"hljs-built_in\">cin</span>&gt;&gt;k;\r\n	<span class=\"hljs-keyword\">while</span>(k--){\r\n \r\n	<span class=\"hljs-built_in\">cin</span>&gt;&gt;n&gt;&gt;m;\r\n	<span class=\"hljs-keyword\">int</span> nn,mm;\r\n	<span class=\"hljs-built_in\">memset</span>(mp,<span class=\"hljs-number\">0</span>,<span class=\"hljs-keyword\">sizeof</span>(mp));\r\n	<span class=\"hljs-built_in\">memset</span>(vis,<span class=\"hljs-number\">0</span>,<span class=\"hljs-keyword\">sizeof</span>(vis));\r\n	<span class=\"hljs-keyword\">for</span>(<span class=\"hljs-keyword\">int</span> i=<span class=\"hljs-number\">0</span>;i&lt;n;i++){\r\n		<span class=\"hljs-keyword\">for</span>(<span class=\"hljs-keyword\">int</span> j=<span class=\"hljs-number\">0</span>;j&lt;m;j++){\r\n			\r\n			<span class=\"hljs-built_in\">cin</span>&gt;&gt;mp[i][j];\r\n			<span class=\"hljs-keyword\">if</span>(mp[i][j]==<span class=\"hljs-string\">\'S\'</span>)\r\n			{\r\n				nn=i;\r\n				mm=j;\r\n				\r\n			}\r\n		}\r\n	}\r\n	\r\n	<span class=\"hljs-built_in\">cout</span>&lt;&lt;bfs(nn,mm);\r\n	\r\n	\r\n	\r\n	\r\n	}\r\n	\r\n}\r\n\r\n\r\n</code></pre>\r\n\r\n</font></div><font size=\"3\">\r\n<div id=\"MySignature\"></div>\r\n<div class=\"clear\"></div>\r\n<div id=\"blog_post_info_block\"><div id=\"BlogPostCategory\">\r\n    分类: \r\n            <a href=\"https://www.cnblogs.com/shenxiaodou/category/1435257.html\" target=\"_blank\">蓝桥杯</a></div>\r\n\r\n\r\n    <div id=\"blog_post_info\">\r\n<div id=\"green_channel\">\r\n        <a id=\"green_channel_digg\" onclick=\"DiggIt(12557872,cb_blogId,1);green_channel_success(this,\'谢谢推荐！\');\" href=\"javascript:void(0);\">好文要顶</a>\r\n        <a id=\"green_channel_follow\" onclick=\"follow(\'d711a1cb-bb82-42fe-0824-08d6b53ef329\');\" href=\"javascript:void(0);\">关注我</a>\r\n    <a id=\"green_channel_favorite\" onclick=\"AddToWz(cb_entryId);return false;\" href=\"javascript:void(0);\">收藏该文</a>\r\n    <a title=\"分享至新浪微博\" id=\"green_channel_weibo\" onclick=\"ShareToTsina()\" href=\"javascript:void(0);\"><img alt=\"\" src=\"https://common.cnblogs.com/images/icon_weibo_24.png\"></a>\r\n    <a title=\"分享至微信\" id=\"green_channel_wechat\" onclick=\"shareOnWechat()\" href=\"javascript:void(0);\"><img alt=\"\" src=\"https://common.cnblogs.com/images/wechat.png\"></a>\r\n</div>\r\n<div id=\"author_profile\">\r\n    <div class=\"author_profile_info\" id=\"author_profile_info\">\r\n            <a href=\"https://home.cnblogs.com/u/shenxiaodou/\" target=\"_blank\"><img class=\"author_avatar\" alt=\"\" src=\"https://pic.cnblogs.com/face/1648896/20200315231404.png\"></a>\r\n        <div class=\"author_profile_info\" id=\"author_profile_detail\">\r\n            <a href=\"https://home.cnblogs.com/u/shenxiaodou/\">小申同学</a><br>\r\n            <a href=\"https://home.cnblogs.com/u/shenxiaodou/followees/\">关注 - 7</a><br>\r\n            <a href=\"https://home.cnblogs.com/u/shenxiaodou/followers/\">粉丝 - 4</a>\r\n        </div>\r\n    </div>\r\n    <div class=\"clear\"></div>\r\n    <div id=\"author_profile_honor\"></div>\r\n    <div id=\"author_profile_follow\">\r\n                <a onclick=\"follow(\'d711a1cb-bb82-42fe-0824-08d6b53ef329\');return false;\" href=\"javascript:void(0);\">+加关注</a>\r\n    </div>\r\n</div>\r\n<div id=\"div_digg\">\r\n    <div class=\"diggit\" onclick=\"votePost(12557872,\'Digg\')\">\r\n        <span class=\"diggnum\" id=\"digg_count\">0</span>\r\n    </div>\r\n    <div class=\"buryit\" onclick=\"votePost(12557872,\'Bury\')\">\r\n        <span class=\"burynum\" id=\"bury_count\">0</span>\r\n    </div>\r\n    <div class=\"clear\"></div>\r\n    <div class=\"diggword\" id=\"digg_tips\">\r\n    </div>\r\n</div>\r\n\r\n<script type=\"text/javascript\">\r\n    currentDiggType = 0;\r\n</script></div>\r\n    <div class=\"clear\"></div>\r\n    <div id=\"post_next_prev\">\r\n\r\n    <a class=\"p_n_p_prefix\" href=\"https://www.cnblogs.com/shenxiaodou/p/12557844.html\">« </a> 上一篇：    <a title=\"发布于 2020-03-24 11:25\" href=\"https://www.cnblogs.com/shenxiaodou/p/12557844.html\">typedef struct</a>\r\n    <br>\r\n    <a class=\"p_n_p_prefix\" href=\"https://www.cnblogs.com/shenxiaodou/p/12561807.html\">» </a> 下一篇：    <a title=\"发布于 2020-03-24 20:51\" href=\"https://www.cnblogs.com/shenxiaodou/p/12561807.html\">vector</a>\r\n\r\n</div>\r\n</div>\r\n            </font></div>', '2020-04-26 17:42:43', '哈哈哈哈哈哈哈哈哈哈', 'http://szq.szq666.xyz/data/User/admin/home/desktop/pic/1%20(10).jpg', '原创', '', '', '', '嘎嘎嘎', '2020-04-26 17:42:43', '21', '2', '123456');
INSERT INTO `t_blog` VALUES ('14', '', '', 'IDEA运行SpringBoot项目控制台输出颜色高亮的日志\r\n\r\nxiongtianci.com 2019-04-16 16:43:18  3187  收藏\r\n展开\r\n问题\r\n有时IDEA运行SpringBoot项目，控制台Console输出的日志颜色为白色的\r\n\r\n解决\r\n配置启动类application的相关参数，添加：-Dspring.output.ansi.enabled=ALWAYS\r\n————————————————\r\n版权声明：本文为CSDN博主「xiongtianci.com」的原创文章，遵循CC 4.0 BY-SA版权协议，转载请附上原文出处链接及本声明。\r\n原文链接：https://blog.csdn.net/tian_ci/java/article/details/89336629', '2020-05-11 12:21:00', 'IDEA运行SpringBoot项目控制台输出颜色高亮的日志', 'https://img-blog.csdnimg.cn/20190416160105555.png', '', '', '', '', 'IDEA运行SpringBoot项目控制台输出颜色高亮的日志', '2020-05-11 12:21:00', '18', '1', '123456');
INSERT INTO `t_blog` VALUES ('15', '', '', '#今天github遇到困难了\r\nhttp://szq.szq666.xyz/index.php?share/file&user=1&sid=cEYymBtC\r\n[![](http://szq.szq666.xyz/index.php?share/file&user=1&sid=cEYymBtC)](http://szq.szq666.xyz/index.php?share/file&user=1&sid=cEYymBtC)\r\n##一、我们应该先从远程仓库git，然后再进行操作，无法直接pull下面有时候，如果本地没的话\r\n##二、关于git 的命令\r\n	c++\r\n	git add .\r\n	git commit -m \"message\"\r\n	git push \r\n', '2020-05-14 16:24:49', 'git github', 'http://szq.szq666.xyz/index.php?share/fileProxy&user=1&sid=cEYymBtC', '', '', '', '', 'Git第二天的瓶颈', '2020-05-14 16:24:49', '21', '8', '123456');
INSERT INTO `t_blog` VALUES ('16', '\0', '\0', '#2020年05月14日来自成电学姐的经验分享\r\n\r\n2020-05-14 23:55:08 星期四\r\n###今天收获满满是一个特别可爱，温柔、认真的学姐给我分享了她是如何推免到成电的，还帮我在成电官网上寻找导师的联系方式，特别有耐心，我很感激这位学姐，再次这里说一声感谢！\r\n\r\n\r\n成电学姐 ： 2020/5/14 21:48:17  \r\n\r\n我们已经是好友啦，一起来聊天吧！  \r\n\r\n我 ： 2020/5/14 21:48:39   \r\n学姐你好，我是学弟  2017级网络工程 申振强   \r\n成电学姐 ： 2020/5/14 21:48:50   学弟你好   \r\n成电学姐 ： 2020/5/14 21:49:01   \r\n请问你想了解哪方面的信息   \r\n我 ： 2020/5/14 21:49:30   \r\n听说学姐是推免的，我想了解关于推免的一些信息   \r\n成电学姐 ： 2020/5/14 21:50:46   \r\n是的   \r\n成电学姐 ： 2020/5/14 21:50:58  \r\n\r\n就是有没有具体的想了解的  \r\n成电学姐 ： 2020/5/14 21:51:12  \r\n还是说你也不知道从哪方面说起？  \r\n成电学姐 ： 2020/5/14 21:51:25  \r\n要不我就我的经历给你说一下  \r\n我 ： 2020/5/14 21:51:37  \r\n好啊好啊  \r\n我 ： 2020/5/14 21:53:55  \r\n学弟感觉考研太难，于是就想走保研。也想上比较好点的学校。实力也是有的，想聆听一下学姐的经历，来给学弟丰富一下阅历。  \r\n成电学姐 ： 2020/5/14 21:56:54  \r\n如果你前三年是专业前一二，你可以在今年暑假的时候给导师发邮件，先说明一下你前三年的专业排名，邮件里面附上前三年的成绩表和各种有价值的证书，问问老师有没有充足的名额，如果你是第一名的话基本就会被推免，你就需要和老师说你等到拿到推免名单的时候在告诉老师，暑假联系老师的时候，问问可不可以去学校找老师一趟 见面聊聊，如果约见了，老师对你印象挺好，准备要你，那你就等到九月份推免名单出来的时候给老师说一下你被推免了，然后看看老师在确定一下老师是不是确定要你了  \r\n成电学姐 ： 2020/5/14 21:58:05\r\n这大概就是暑假要准备的内容  \r\n我 ： 2020/5/14 21:58:42\r\n哇  提前给老师发邮件是不是就有点先提前走的意思啦   好给力呀  \r\n我 ： 2020/5/14 21:59:04\r\n学姐我也想去成电 emmm  \r\n成电学姐 ： 2020/5/14 21:59:10\r\n就是那找好心仪的学校，去学校研究生官网查看导师信息，你了解了他的研究方向，觉得很喜欢，就可以给他发送邮件  \r\n我 ： 2020/5/14 21:59:24\r\n学姐你是什么专业的啊   学姐  \r\n我 ： 2020/5/14 22:00:06\r\n你之前也是在研究生官网查看的吗？  \r\n成电学姐 ： 2020/5/14 22:00:08\r\n我是保研名单出来了之后才发的邮件，因为我是第二，当时可能保不了，推荐名单前一天我还在准备考研  \r\n成电学姐 ： 2020/5/14 22:00:19\r\n我之前啥都没干  \r\n成电学姐 ： 2020/5/14 22:00:24\r\n没资格干  \r\n我 ： 2020/5/14 22:00:43\r\n我去，学姐太奋斗了。好厉害学姐，你们当时保几个？  \r\n成电学姐 ： 2020/5/14 22:00:44\r\n我是电子与通信工程，专硕  \r\n成电学姐 ： 2020/5/14 22:01:24\r\n我专业按照以往是保一个，我那一届我有点幸运，多一个名额，轮到我们专业了  \r\n成电学姐 ： 2020/5/14 22:01:29\r\n然后轮到我头上了  \r\n我 ： 2020/5/14 22:01:33\r\n虽然我现在对专硕学硕有点迷茫，但是先不讨论这个。  \r\n我 ： 2020/5/14 22:01:38\r\n学姐 是幸运+实力  \r\n成电学姐 ： 2020/5/14 22:03:05\r\n专硕学硕的培养方案基本一样，目前我知道的就是专硕学硕都需要发表文章才能毕业，学硕修的学分比专硕少几分  \r\n成电学姐 ： 2020/5/14 22:03:17\r\n你们这一届学费涨了  \r\n成电学姐 ： 2020/5/14 22:04:07\r\n你可以了解一下成电的学费，据说涨到一万五了  \r\n我 ： 2020/5/14 22:04:29\r\n我们之前有保研一个 的，也有两个的。但是我比赛挺多的，大部分老师，都挺熟的，暑假在努力复习，应该是可以的我感觉  \r\n我 ： 2020/5/14 22:04:30\r\n哇塞  \r\n我 ： 2020/5/14 22:04:43\r\n专硕 贵学硕贵啊  \r\n成电学姐 ： 2020/5/14 22:04:58\r\n因为我暑假没有发邮件，所以九月份再发邮件的时候，有些导师名额已经满了，建议你提前发邮件，不要等到名单出来才发  \r\n我 ： 2020/5/14 22:05:14\r\n嗯呐 懂啦，。  \r\n我 ： 2020/5/14 22:05:34\r\n学姐当时有没有直博生这一说法  \r\n成电学姐 ： 2020/5/14 22:06:14\r\n直博生好像是需要和导师沟通的吧  \r\n成电学姐 ： 2020/5/14 22:06:39\r\n就是你想硕博连读的话需要和导师说一下吧  \r\n成电学姐 ： 2020/5/14 22:07:04  \r\n我们那届西电有个同学给导师说硕博连读  \r\n成电学姐 ： 2020/5/14 22:07:20\r\n你这个直博生我确实不太清楚  \r\n我 ： 2020/5/14 22:07:46\r\n硕博连读 跟直博生 我也不太清楚  \r\n我 ： 2020/5/14 22:08:04\r\n我就知道，有一个是没有硕士毕业证 然后读的年数少  \r\n我 ： 2020/5/14 22:08:12\r\n\r\n成电学姐 ： 2020/5/14 22:09:46\r\n这个你到时和导师联系的时候可以问问  \r\n成电学姐 ： 2020/5/14 22:10:25\r\n你给导师发消息可以多发几个，因为有时候可能没有人回你  \r\n我 ： 2020/5/14 22:10:32\r\n嗯呐    \r\n成电学姐 ： 2020/5/14 22:10:32\r\n多发不是群发  \r\n成电学姐 ： 2020/5/14 22:10:42\r\n群发可以被发现  \r\n我 ： 2020/5/14 22:10:42\r\n嗯嗯  \r\n成电学姐 ： 2020/5/14 22:11:17\r\n嗯，推免之前联系好导师可以去学校找老师面谈  \r\n我 ： 2020/5/14 22:11:37\r\n哈哈好的学姐  \r\n成电学姐 ： 2020/5/14 22:11:38\r\n他可能会问你专业课内容或者和他相关的内容  \r\n我 ： 2020/5/14 22:11:38\r\n  \r\n我 ： 2020/5/14 22:11:47\r\n嗯呐  \r\n我 ： 2020/5/14 22:11:57\r\n学姐这官网的导师在哪里找的  \r\n成电学姐 ： 2020/5/14 22:11:58  \r\n你可以在见面之前学习学习之前的知识  \r\n成电学姐 ： 2020/5/14 22:12:21\r\n我看看  \r\n成电学姐 ： 2020/5/14 22:12:26\r\n我有点忘记了  \r\n成电学姐 ： 2020/5/14 22:12:28\r\n我找找  \r\n我 ： 2020/5/14 22:12:35\r\n好的，麻烦学姐啦  \r\n成电学姐 ： 2020/5/14 22:17:33\r\n你打开电脑  \r\n成电学姐 ： 2020/5/14 22:17:42\r\n收索电子科技大学官网  \r\n我 ： 2020/5/14 22:17:57\r\n打开啦  \r\n成电学姐 ： 2020/5/14 22:18:06\r\n进去，点击学院部门  \r\n成电学姐 ： 2020/5/14 22:18:13\r\n点击学院  \r\n我 ： 2020/5/14 22:18:21\r\n?    \r\n成电学姐 ： 2020/5/14 22:18:58\r\n你点开通信  \r\n成电学姐 ： 2020/5/14 22:19:14\r\n信息与工程学院  \r\n我 ： 2020/5/14 22:19:25\r\n\r\n成电学姐 ： 2020/5/14 22:20:39\r\n你用的啥浏览器  \r\n成电学姐 ： 2020/5/14 22:20:47\r\n咋和我不一样页面  \r\n我 ： 2020/5/14 22:21:00\r\nGoogle 程序员专门浏览器  \r\n我 ： 2020/5/14 22:21:03\r\n你用的那个  \r\n我 ： 2020/5/14 22:21:04\r\n我还  \r\n我 ： 2020/5/14 22:21:05\r\n换  \r\n成电学姐 ： 2020/5/14 22:21:22\r\n谷歌浏览器  \r\n我 ： 2020/5/14 22:21:37\r\n我也是 啊  \r\n成电学姐 ： 2020/5/14 22:21:38\r\n我给你截一下屏  \r\n成电学姐 ： 2020/5/14 22:21:45\r\n你进的是官网吗  \r\n我 ： 2020/5/14 22:22:05\r\n我进错了哈哈  \r\n我 ： 2020/5/14 22:22:11\r\n  \r\n成电学姐 ： 2020/5/14 22:22:12\r\n  \r\n成电学姐 ： 2020/5/14 22:22:35\r\n对  \r\n成电学姐 ： 2020/5/14 22:22:36\r\n这个  \r\n我 ： 2020/5/14 22:22:40\r\n  \r\n我 ： 2020/5/14 22:22:42\r\n这里面对吧  \r\n成电学姐 ： 2020/5/14 22:23:15\r\n你点开一个学院，点击科学研究  \r\n成电学姐 ： 2020/5/14 22:23:21\r\n里面有研究团队  \r\n我 ： 2020/5/14 22:23:36\r\n  \r\n成电学姐 ： 2020/5/14 22:23:47\r\n科学研究里面都可以看看  \r\n成电学姐 ： 2020/5/14 22:23:49\r\n对的  \r\n我 ： 2020/5/14 22:23:51\r\n选一个自己喜欢的对吧  \r\n成电学姐 ： 2020/5/14 22:23:56\r\n你可以看看各团队介绍  \r\n我 ： 2020/5/14 22:24:20\r\n嗯呐 学姐你好认真呀 ，感谢你  \r\n我 ： 2020/5/14 22:24:35\r\n学姐你是哪个团队的  \r\n成电学姐 ： 2020/5/14 22:24:36\r\n我看看那个导师名单在哪找  \r\n成电学姐 ： 2020/5/14 22:24:54\r\n我之前有一溜名单，但是我忘记了  \r\n成电学姐 ： 2020/5/14 22:24:57\r\n我找找  \r\n我 ： 2020/5/14 22:25:02\r\n好  \r\n成电学姐 ： 2020/5/14 22:25:04\r\n我是电院的  \r\n成电学姐 ： 2020/5/14 22:25:17\r\n是信通下面那个院  \r\n成电学姐 ： 2020/5/14 22:25:40\r\n我是电子科学与工程学院      \r\n成电学姐 ： 2020/5/14 22:26:11\r\n电磁辐射与散射团队    \r\n成电学姐 ： 2020/5/14 22:26:34\r\n我教你找导师名单  \r\n成电学姐 ： 2020/5/14 22:26:41\r\n电子科技大学官网首页  \r\n成电学姐 ： 2020/5/14 22:26:50\r\n你返回到首页  \r\n我 ： 2020/5/14 22:27:08\r\n  \r\n我 ： 2020/5/14 22:27:16\r\n  \r\n成电学姐 ： 2020/5/14 22:27:31\r\n有个招生就业，点击研究生招生，然后上面有个导师介绍  \r\n成电学姐 ： 2020/5/14 22:27:57\r\n找到了吗  \r\n我 ： 2020/5/14 22:28:11\r\n我怎么感觉这比华水的网页好深啊   \r\n我 ： 2020/5/14 22:28:13\r\n找到了  \r\n我 ： 2020/5/14 22:28:21\r\n  \r\n成电学姐 ： 2020/5/14 22:28:23\r\n  \r\n成电学姐 ： 2020/5/14 22:28:33\r\n对  \r\n成电学姐 ： 2020/5/14 22:28:39\r\n这是导师名单  \r\n成电学姐 ： 2020/5/14 22:28:44\r\n你可以点进去看看  \r\n我 ： 2020/5/14 22:28:53\r\n  \r\n我 ： 2020/5/14 22:28:  \r\n嗯有详细的介绍  \r\n成电学姐 ： 2020/5/14 22:29:21\r\n对，那里有导师信息  \r\n成电学姐 ： 2020/5/14 22:30:27\r\n你也可以点击一个学院之后看师资队伍，点击下面的教师名录  \r\n成电学姐 ： 2020/5/14 22:30:37\r\n都可以 你喜欢哪种就来哪种  \r\n成电学姐 ： 2020/5/14 22:30:40\r\n  \r\n我 ： 2020/5/14 22:30:40\r\n研究 ，然后选择一个适合自己的，然后如果导师看中我了，我准备感兴趣的东西，然后开始学习 是 吧  \r\n我 ： 2020/5/14 22:30:44\r\n  \r\n我 ： 2020/5/14 22:30:53\r\n这导师都是重复的，只不过分类不同对吧  \r\n成电学姐 ： 2020/5/14 22:31:55\r\n如果暑假你发邮件，导师愿意让你找他约见，你就可以看书学习了  \r\n成电学姐 ： 2020/5/14 22:32:02\r\n什么导师重复  \r\n我 ： 2020/5/14 22:32:38\r\n就是说不同的方法可以找到同一个老师\r\n你喜欢哪种就来哪种  \r\n我 ： 2020/5/14 22:32:54\r\n我已经了解学姐高深的技能啦， 找导师  \r\n成电学姐 ： 2020/5/14 22:33:36\r\n嗯，是的，不同的找导师的方法  \r\n成电学姐 ： 2020/5/14 22:33:40\r\n都可以  \r\n成电学姐 ： 2020/5/14 22:34:03\r\n你可以先看看团队介绍  \r\n我 ： 2020/5/14 22:34:14\r\n我要写我的博客记录一下，  今天学姐的知识点有点多 哈哈  \r\n我 ： 2020/5/14 22:34:24\r\n嗯嗯  \r\n成电学姐 ： 2020/5/14 22:34:31\r\n然后去看看这个团队的导师哪个研究方向你喜欢  \r\n成电学姐 ： 2020/5/14 22:34:43\r\n博客是什么？没用过  \r\n我 ： 2020/5/14 22:35:06\r\n学姐我现在是网络工程 ，但是我喜欢  \r\n我 ： 2020/5/14 22:35:07\r\nhttps://www.cnblogs.com/shenxiaodou/  \r\n我 ： 2020/5/14 22:35:23\r\n软件开发一类的，我可以不用去找我专业名称吧  \r\n成电学姐 ： 2020/5/14 22:35:43\r\n软件一般下信通学院  \r\n我 ： 2020/5/14 22:35:46\r\n我们学的有点杂，软件开发也学了，一半一半吧  \r\n我 ： 2020/5/14 22:36:01\r\n软件一般下信通学院   ？  \r\n成电学姐 ： 2020/5/14 22:36:01\r\n硬件在电院  \r\n我 ： 2020/5/14 22:36:15\r\n噢噢  \r\n成电学姐 ： 2020/5/14 22:36:53\r\n现在分了，把电院的软件分在了信通院，但是电院也有一部分软件吧，现在软硬基本不分家  \r\n我 ： 2020/5/14 22:37:23\r\n 我应该在这里面筛选筛选看看    \r\n成电学姐 ： 2020/5/14 22:37:26\r\n你要是喜欢软件，多去信通学院看看  \r\n我 ： 2020/5/14 22:37:48\r\n信通还有点不太习惯呢， 华水是信工  \r\n我 ： 2020/5/14 22:37:51\r\n好嘞好嘞  \r\n成电学姐 ： 2020/5/14 22:37:58\r\n我只知道信通学院和电院比较强  \r\n成电学姐 ： 2020/5/14 22:38:04\r\n其他学院不了解  \r\n成电学姐 ： 2020/5/14 22:38:23\r\n信通就是信息与通信工程学院  \r\n成电学姐 ： 2020/5/14 22:38:56\r\n你多看看多找找准没错  \r\n我 ： 2020/5/14 22:39:02\r\n那就是华水的信工呗， 信工也是信息与通信工程在一前，现在被拆成物电和信工啦  \r\n我 ： 2020/5/14 22:39:20\r\n好的学姐，我多找找，以后有问题还来找你哈  \r\n成电学姐 ： 2020/5/14 22:39:31\r\n嗯，好的  \r\n我 ： 2020/5/14 22:39:58\r\n辛苦啦学姐！！！  \r\n成电学姐 ： 2020/5/14 22:39:58\r\n具体成电的信通不了解  \r\n成电学姐 ： 2020/5/14 22:40:03\r\n不客气  \r\n成电学姐 ： 2020/5/14 22:40:17\r\n那我退下了  \r\n我 ： 2020/5/14 22:40:45\r\n好的，学姐，等我到时候上岸了 一定要请学姐吃大餐 ！  \r\n我 ： 2020/5/14 22:40:54\r\n学姐早点休息吧   \r\n成电学姐 ： 2020/5/14 22:41:02\r\n不客气  \r\n成电学姐 ： 2020/5/14 22:41:06\r\n晚安  \r\n', '2020-05-14 23:56:03', '2020年05月14日来自成电学姐的经验分享', 'http://shenxiaodou.jyzero.club/-7b4cf233224c9c19.jpg', '', '', '', '\0', '2020年05月14日来自成电学姐的经验分享', '2020-05-15 00:02:40', '29', '9', '123456');
INSERT INTO `t_blog` VALUES ('17', '\0', '', '#昨日把Linux shell实验做了一下\r\n\r\n总价一下比较实用的命令\r\n\r\n```Linux\r\ncat 命令后面可以直接跟/目录/目录/文件 \r\n就可以看到其中的内容了\r\n\r\nwhoami 是查看当前用户的名字，是不是特别通俗易懂\r\n\r\nid -u 是查看 当前用户的UID的，root 的UID是0\r\n\r\ngrep my /etc/passwd  这个是查询my在passwd文件下是否存在这个\r\n\r\ngrep my /etc/passwd | cat  这个是Linux管道，把前后联系在一起，前者的输出可以是后者的输入\r\n\r\nfind . -name “*.sh.swp” 寻找文件的命令  .代表的是当前目录以及子目录  \r\n\r\nfor((i =1;i<=10;i++));\r\ndo\r\necho $(expr $i \\* 3 +1);\r\ndone\r\n\r\nvar=$(id -u)这个给变量赋值是这样的 必须要连写\r\n$(命令)\r\n\r\nA=2,B=5\r\nSTL=$[$A+$B]\r\necho $STL  答案是7\r\n\r\n\r\necho $STL > MYFILE  这个意思是将STL中的内容重定向到MYFILE文件当中\r\n```', '2020-05-18 09:57:22', 'LINUX 进阶命令', 'http://szq.szq666.xyz/index.php?share/fileProxy&user=1&sid=EXWRfhZx', '原创', '', '', '\0', 'Linux 做shell命令遇到的一些问题', '2020-05-18 10:37:22', '26', '6', '123456');
INSERT INTO `t_blog` VALUES ('18', '\0', '\0', 'NPM 使用介绍\r\nNPM是随同NodeJS一起安装的包管理工具，能解决NodeJS代码部署上的很多问题，常见的使用场景有以下几种：\r\n\r\n允许用户从NPM服务器下载别人编写的第三方包到本地使用。\r\n允许用户从NPM服务器下载并安装别人编写的命令行程序到本地使用。\r\n允许用户将自己编写的包或命令行程序上传到NPM服务器供别人使用。\r\n由于新版的nodejs已经集成了npm，所以之前npm也一并安装好了。同样可以通过输入 \"npm -v\" 来测试是否成功安装。命令如下，出现版本提示表示安装成功:\r\n\r\nNode.js® 是一个基于 Chrome V8 引擎 的 JavaScript 运行时。\r\nhttps://nodejs.org/zh-cn/', '2020-05-19 11:36:07', 'Node.js® 是一个基于 Chrome V8 引擎 的 JavaScript 运行时。', 'https://nodejs.org/static/images/logo.svg', '原创', '', '', '', 'VUE+NODE.JS+NPM+ECHARTS', '2020-05-19 11:44:26', '24', '16', '123456');
INSERT INTO `t_blog` VALUES ('20', '', '', '今天的整体搭建算是完成了一个体系让我对springboot前后端的衔接更加充分。\r\n>刚开始从dao层开始，dao层模仿就写了一句话\r\n-\r\n!-然后就是service类，定义了方法。对分页以及查询、更新、保存一目了然\r\n\r\n>>接下来是control层这里调用service层的方法，然后把数据返回到前端，通过model.setattribute,前端是通过EL表达式从中取值，中间用了th模板，特别好用，前端还有脸 semantic语法，搭建的很漂亮。\r\n\r\n##代码调适能力也提高了一层，通过springboot输出的信息来查看\r\n\r\n以后在搭建之前要有构思，要不然不知道需要有什么东西，这是特别麻烦的，明天准备学习一下vue.js和echarts这两个前端框架和可视化。', '2020-05-19 22:53:48', '今天的整体搭建算是完成了一个体系让我对springboot前后端的衔接更加充分。', 'https://cn.vuejs.org/images/logo.png', '原创', '', '', '', '网站博客的进阶', '2020-07-25 10:16:11', '25', '6', '123456');
INSERT INTO `t_blog` VALUES ('21', '', '\0', '#一直使用的是服务器来调试程序，对于开发人员每一次都需要去部署到服务器上略有些麻烦。\r\n\r\n>有几日伙伴用了IPV6，但是由于没有公网，IPV6也很麻烦，昨天又一伙伴介绍了内网穿透\r\n查看没有多少，于是就运用cpolar来进行内网穿透，步骤特别简单，内网穿透的下载速率是300kb/s这个速度达到了服务器的3倍，效果还是蛮好的，方便快捷。\r\n\r\n于是这就可以在自己的电脑上搭建一个本地可道云，随时随地可以访问，当放一些资料时候拿取比较方便，或者在网吧我们就可以写代码了，是不是很nice。再也不会为忘记实验报告而发愁了hhhhh。', '2020-06-01 21:15:23', '实现内网穿透的霸气！', 'https://www.cpolar.com/wp-content/uploads/2018/11/normal-logo-2.png', '原创', '', '', '', '内网穿透', '2020-06-01 21:15:23', '24', '13', '123456');
INSERT INTO `t_blog` VALUES ('22', '', '\0', '一：为什么要学多线程\r\n>1、应付面试 ：多线程几乎是面试中必问的题，所以掌握一定的基础知识是必须的。\r\n2、了解并发编程：实际工作中很少写多线程的代码，这部分代码一般都被人封装起来了，在业务中使用多线程的机会也不是很多(看具体项目)，虽然代码中很少会自己去创建线程，但是实际环境中每行代码却都是并行执行的，同一时刻大量请求同一个接口，并发可能会产生一些问题，所以也需要掌握一定的并发知识\r\n\r\n二：进程与线程\r\n\r\n1. 进程\r\n进程是资源（CPU、内存等）分配的基本单位，它是程序执行时的一个实例。程序运行时系统就会创建一个进程，并为它分配资源，然后把该进程放入进程就绪队列，进程调度器选中它的时候就会为它分配CPU时间，程序开始真正运行。\r\n\r\n2. 线程\r\n线程是一条执行路径，是程序执行时的最小单位，它是进程的一个执行流，是CPU调度和分派的基本单位，一个进程可以由很多个线程组成，线程间共享进程的所有资源，每个线程有自己的堆栈和局部变量。线程由CPU独立调度执行，在多CPU环境下就允许多个线程同时运行。同样多线程也可以实现并发操作，每个请求分配一个线程来处理。\r\n\r\n一个正在运行的软件(如迅雷)就是一个进程，一个进程可以同时运行多个任务( 迅雷软件可以同时下载多个文件，每个下载任务就是一个线程), 可以简单的认为进程是线程的集合。\r\n\r\n线程是一条可以执行的路径。多线程就是同时有多条执行路径在同时(并行)执行。\r\n\r\n3. 进程与线程的关系\r\n一个程序就是一个进程，而一个程序中的多个任务则被称为线程。进程是表示资源分配的基本单位，又是调度运行的基本单位。，亦即执行处理机调度的基本单位。 进程和线程的关系：\r\n\r\n一个线程只能属于一个进程，而一个进程可以有多个线程，但至少有一个线程。线程是操作系统可识别的最小执行和调度单位。\r\n\r\n资源分配给进程，同一进程的所有线程共享该进程的所有资源。同一进程中的多个线程共享代码段(代码和常量)，数据段(全局变量和静态变量)，扩展段(堆存储)。但是每个线程拥有自己的栈段，栈段又叫运行时段，用来存放所有局部变量和临时变量，即每个线程都有自己的堆栈和局部变量。\r\n\r\n处理机分给线程，即真正在处理机上运行的是线程。\r\n\r\n线程在执行过程中，需要协作同步。不同进程的线程间要利用消息通信的办法实现同步。\r\n\r\n如果把上课的过程比作进程，把老师比作CPU，那么可以把每个学生比作每个线程，所有学生共享这个教室(也就是所有线程共享进程的资源)，上课时学生A向老师提出问题，老师对A进行解答，此时可能会有学生B对老师的解答不懂会提出B的疑问(注意：此时可能老师还没有对A同学的问题解答完毕)，此时老师又向学生B解惑，解释完之后又继续回答学生A的问题，同一时刻老师只能向一个学生回答问题(即：当多个线程在运行时，同一个CPU在某一个时刻只能服务于一个线程，可能一个线程分配一点时间，时间到了就轮到其它线程执行了，这样多个线程在来回的切换)\r\n\r\n4. 为什么要使用多线程\r\n多线程可以提高程序的效率。\r\n\r\n实际生活案例：村长要求喜洋洋在一个小时内打100桶水，可以喜洋洋一个小时只能打25桶水，如果这样就需要4个小时才能完成任务，为了在一个小时能够完成，喜洋洋就请美洋洋、懒洋洋、沸洋洋，来帮忙，这样4只羊同时干活，在一小时内完成了任务。原本用4个小时完成的任务现在只需要1个小时就完成了，如果把每只羊看做一个线程，多只羊即多线程可以提高程序的效率。\r\n\r\n5. 多线程应用场景\r\n一般线程之间比较独立，互不影响\r\n一个线程发生问题，一般不影响其它线程\r\n \r\n \r\n三：多线程的实现方式\r\n1. 顺序编程\r\n```Java\r\npublic class Main {\r\n    // 顺序编程 吃喝示例：当吃饭吃不完的时候，是不能喝酒的，只能吃完晚才能喝酒\r\n    public static void main(String[] args) throws Exception {\r\n		// 先吃饭再喝酒\r\n        eat();\r\n        drink();\r\n    }\r\n\r\n    private static void eat() throws Exception {\r\n        System.out.println(\"开始吃饭?...\\t\" + new Date());\r\n        Thread.sleep(5000);\r\n        System.out.println(\"结束吃饭?...\\t\" + new Date());\r\n    }\r\n\r\n    private static void drink() throws Exception {\r\n        System.out.println(\"开始喝酒?️...\\t\" + new Date());\r\n        Thread.sleep(5000);\r\n        System.out.println(\"结束喝酒?...\\t\" + new Date());\r\n    }\r\n}\r\n```\r\n2. 并发编程\r\n并发编程：多个任务可以同时做，常用与任务之间比较独立，互不影响。\r\n线程上下文切换：\r\n同一个时刻一个CPU只能做一件事情，即同一时刻只能一个线程中的部分代码，假如有两个线程，Thread-0和Thread-1，刚开始CPU说Thread-0你先执行，给你3毫秒时间，Thread-0执行了3毫秒时间，但是没有执行完，此时CPU会暂停Thread-0执行并记录Thread-0执行到哪行代码了，当时的变量的值是多少，然后CPU说Thread-1你可以执行了，给你2毫秒的时间，Thread-1执行了2毫秒也没执行完，此时CPU会暂停Thread-1执行并记录Thread-1执行到哪行代码了，当时的变量的值是多少，此时CPU又说Thread-0又该你，这次我给你5毫秒时间，去执行吧，此时CPU就找出上次Thread-0线程执行到哪行代码了，当时的变量值是多少，然后接着上次继续执行，结果用了2毫秒就Thread-0就执行完了，就终止了，然后CPU说Thread-1又轮到你，这次给你4毫秒，同样CPU也会先找出上次Thread-1线程执行到哪行代码了，当时的变量值是多少，然后接着上次继续开始执行，结果Thread-1在4毫秒内也执行结束了，Thread-1也结束了终止了。CPU在来回改变线程的执行机会称之为线程上下文切换。\r\n \r\n```Java\r\npublic class Main {\r\n    public static void main(String[] args) {\r\n	    // 一边吃饭一边喝酒\r\n        new EatThread().start();\r\n        new DrinkThread().start();\r\n    }\r\n}\r\n\r\nclass EatThread extends Thread{\r\n    @Override\r\n    public void run() {\r\n        System.out.println(\"开始吃饭?...\\t\" + new Date());\r\n        try {\r\n            Thread.sleep(5000);\r\n        } catch (InterruptedException e) {\r\n            e.printStackTrace();\r\n        }\r\n        System.out.println(\"结束吃饭?...\\t\" + new Date());\r\n    }\r\n}\r\n\r\nclass DrinkThread extends Thread {\r\n    @Override\r\n    public void run() {\r\n        System.out.println(\"开始喝酒?️...\\t\" + new Date());\r\n        try {\r\n            Thread.sleep(5000);\r\n        } catch (InterruptedException e) {\r\n            e.printStackTrace();\r\n        }\r\n        System.out.println(\"结束喝酒?...\\t\" + new Date());\r\n    }\r\n}\r\n\r\n```', '2020-06-01 23:40:57', '利用线程', 'https://img-blog.csdn.net/20180803160520523', '原创', '', '', '', '多线程(一)：创建线程和线程的常用方法', '2020-06-01 23:43:02', '60', '6', '123456');
INSERT INTO `t_blog` VALUES ('23', '', '\0', '2020年上半年重要赛事！\r\n>计算机设计大赛\r\n网络技术大赛\r\n华彩杯\r\n简历杯大赛\r\n互联网+\r\n给导师发邮件\r\n\r\n计算机设计大赛由于人数仅限3人，所以未能参加。\r\n\r\n准备好好捯饬网络技术大赛，学校大部分都是一般的学校，感觉准备好能获奖。\r\n\r\n还有就是华彩杯\r\n\r\n简历大赛\r\n\r\n导师邮件未能回复我，可能由于现在是答辩时间太忙没时间看，或许是自身太菜hh。 加油加油加油！！！', '2020-06-02 22:27:49', '加油加油加油！！！', 'https://dss1.baidu.com/70cFfyinKgQFm2e88IuM_a/forum/pic/item/79f0f736afc37931b4c69c2ae7c4b74543a91102.jpg', '原创', '', '\0', '\0', '2020年上半年比赛', '2020-06-02 22:27:49', '19', '9', '123456');
INSERT INTO `t_blog` VALUES ('24', '', '', '今天我经历最近以为最累的一天，可能是压力的存在，比赛时间逼近。今天我可能是姿势有问题，导致我经历了晚上才可能经历的落枕的疼痛，比落枕还很难受，走路有气无力的，我坐电梯到了楼顶33楼，然后在床上刷了会儿抖音，洗洗脸才好点了。\r\n\r\n\r\n随着时间的推移，我们的进度也差不多了，虽然是初赛，但是我也拿着百分之百的激情去对待。最后复习了快速加字幕的方式，十分感慨，随着任务完成，疲倦值也越来越低。\r\n\r\n不过最近变胖了几斤，有一个好消息和一个坏消息，怀消息就是变胖了，肚子上腹肌的轮廓若隐若现，好消息就是最近胃好多了，很少有感觉到消化不太好。加油加油加油\r\n\r\n接下来还有计算机设计大赛，2020年加油加油加油！', '2020-06-03 22:58:32', '网络技术大赛gogogo', 'https://compeition-excute.oss-cn-beijing.aliyuncs.com/skin/2072/2020327/c8b1d4a9f8a74df09c329e1841a80a62/hEBnvxHV_1585293373718.jpg', '原创', '', '', '', '网络技术大赛2020年6月3日完结', '2020-06-03 22:58:32', '25', '6', '123456');
INSERT INTO `t_blog` VALUES ('25', '\0', '\0', '两个月的工作：\r\n>1、几十分的实验报告保质保量的完成！\r\n2、陆续比赛的参加\r\n3、夏令营的投递\r\n4、三周课设（ssm+mybatis网站开发）\r\n\r\n	\r\n\r\n>这学期没有考试课，但是有成千上万的报告要写！于是我特别努力的将报告完成。这学期的比赛很多，但是由于疫情的影新，好多比赛都延期举行，基本上都拖到一起了。网络技术大赛、计算机设计大赛、互联网+比赛。夏令营都陆续开放了，我再陆续投递我的简历，硬伤是英语，有好多门槛，我太难了。现在是课设，由黑马传智播客开设的，讲得非常好，每天学会一项新技术，虽然老师讲的特别快，但是我可以跟上，这都源于疫情我自学的原因罢！学会了spring+spring-mvc+mybatis（ssm）框架的搭建也学会radis、jadis的内存数据库的配置等。加油吧，为了更美好的明天而战！已经好久没写博客了。', '2020-06-19 23:25:21', 'record', 'http://szq.szq666.xyz/data/User/admin/home/desktop/pic/1%20(2).jpg', '原创', '', '', '\0', '2020年5、6月份成为最忙碌的日子', '2020-06-19 23:25:21', '13', '17', '123456');
INSERT INTO `t_blog` VALUES ('26', '', '\0', '# 前两周学习了SSM框架学习\r\n经过了类似与毕业设计般的论文，让我成长了很多，我知道论文的各种毛病在哪里，本次论文没有做多次修改，逻辑上稍微有些问题\r\n\r\n在今天修复bug的时候，发现某一位同学的查询模块出不来，后来经过我仔细对照发现原因是%的原因，需要是单引号，但是我的单引号、双引号都是可以的，我感觉应该是在新建项目的时候编码弄得不是utf-8.\r\n', '2020-07-02 22:19:39', 'SQL语句', 'https://dss1.baidu.com/6ONXsjip0QIZ8tyhnq/it/u=3296705764,3107094213&fm=179&app=42&f=JPEG', '原创', '', '', '', '”毕业论文“和SSM框架的一点sql小问题', '2020-07-02 22:21:34', '10', '1', '123456');
INSERT INTO `t_blog` VALUES ('27', '', '', '# 今天是2020年7月24日，我有些陷入了迷茫\r\n> 未来有些迷茫不知何去何从，看到某些大佬三面字节22K，我羡慕了。厉害的人依旧厉害，英语的掠视让我在夏令营期间几乎全军覆没（大概率是英语，还是我太菜了）。\r\n\r\n# 人生时而短暂时而长久\r\n> 每当我向往美好的未来生活时，身边以及网络发生的事情令人耐人寻味、毛骨悚然。另我对自己的要求变低了，感觉自己想着平平淡淡过着就好了，身体毕竟是最最重要的，人生很短暂，快乐真的很重要。但是也有很快乐的时候，看到抖音上的高考学子考700+的很多，瞬间感觉高考好简单啊，但我已经大三了即将大四，这些也与我无关了，我没有看到他们的默默付出，只看到了他们取得的好成绩。\r\n\r\n# 近半个月还是会很忙的\r\n> 近些天我依旧放心不下，每当自己休息娱乐时，心中还会有自己的事情要做，即使导师不回你，还是依旧要去找导师，我不能像他一样，所以自己还是准备好保研的工作比较好，毕竟大概率我是不用考研的。\r\n\r\n*-*\r\n---- ----\r\n今天些一点东西，毕竟心静下来才会认真想一些东西。毕竟入局着迷，旁观者清，最近张一山热播的局中人还是挺好看的。加油，继续砥砺前行吧！', '2020-07-24 23:42:59', '砥砺前行！', 'https://ss1.bdstatic.com/70cFuXSh_Q1YnxGkpoWK1HF6hhy/it/u=1417967960,397060509&fm=26&gp=0.jpg', '原创', '', '', '\0', '保研+预推免+推免+内推', '2020-07-24 23:44:31', '9', '9', '123456');

-- ----------------------------
-- Table structure for t_blog_tags
-- ----------------------------
DROP TABLE IF EXISTS `t_blog_tags`;
CREATE TABLE `t_blog_tags` (
  `blogs_id` bigint(20) NOT NULL,
  `tags_id` bigint(20) NOT NULL,
  KEY `FK5feau0gb4lq47fdb03uboswm8` (`tags_id`),
  KEY `FKh4pacwjwofrugxa9hpwaxg6mr` (`blogs_id`),
  CONSTRAINT `FK5feau0gb4lq47fdb03uboswm8` FOREIGN KEY (`tags_id`) REFERENCES `t_tag` (`id`),
  CONSTRAINT `FKh4pacwjwofrugxa9hpwaxg6mr` FOREIGN KEY (`blogs_id`) REFERENCES `t_blog` (`id`)
) ENGINE=InnoDB DEFAULT CHARSET=utf8;

-- ----------------------------
-- Records of t_blog_tags
-- ----------------------------
INSERT INTO `t_blog_tags` VALUES ('2', '2');
INSERT INTO `t_blog_tags` VALUES ('3', '1');
INSERT INTO `t_blog_tags` VALUES ('3', '2');
INSERT INTO `t_blog_tags` VALUES ('4', '1');
INSERT INTO `t_blog_tags` VALUES ('4', '2');
INSERT INTO `t_blog_tags` VALUES ('6', '1');
INSERT INTO `t_blog_tags` VALUES ('6', '3');
INSERT INTO `t_blog_tags` VALUES ('8', '1');
INSERT INTO `t_blog_tags` VALUES ('8', '2');
INSERT INTO `t_blog_tags` VALUES ('9', '6');
INSERT INTO `t_blog_tags` VALUES ('9', '7');
INSERT INTO `t_blog_tags` VALUES ('10', '1');
INSERT INTO `t_blog_tags` VALUES ('10', '2');
INSERT INTO `t_blog_tags` VALUES ('7', '6');
INSERT INTO `t_blog_tags` VALUES ('7', '7');
INSERT INTO `t_blog_tags` VALUES ('14', '1');
INSERT INTO `t_blog_tags` VALUES ('14', '2');
INSERT INTO `t_blog_tags` VALUES ('15', '8');
INSERT INTO `t_blog_tags` VALUES ('15', '9');
INSERT INTO `t_blog_tags` VALUES ('16', '7');
INSERT INTO `t_blog_tags` VALUES ('16', '8');
INSERT INTO `t_blog_tags` VALUES ('16', '10');
INSERT INTO `t_blog_tags` VALUES ('5', '3');
INSERT INTO `t_blog_tags` VALUES ('5', '4');
INSERT INTO `t_blog_tags` VALUES ('5', '5');
INSERT INTO `t_blog_tags` VALUES ('5', '6');
INSERT INTO `t_blog_tags` VALUES ('5', '7');
INSERT INTO `t_blog_tags` VALUES ('17', '1');
INSERT INTO `t_blog_tags` VALUES ('17', '8');
INSERT INTO `t_blog_tags` VALUES ('17', '9');
INSERT INTO `t_blog_tags` VALUES ('18', '3');
INSERT INTO `t_blog_tags` VALUES ('18', '4');
INSERT INTO `t_blog_tags` VALUES ('18', '5');
INSERT INTO `t_blog_tags` VALUES ('21', '3');
INSERT INTO `t_blog_tags` VALUES ('21', '4');
INSERT INTO `t_blog_tags` VALUES ('22', '4');
INSERT INTO `t_blog_tags` VALUES ('22', '5');
INSERT INTO `t_blog_tags` VALUES ('22', '8');
INSERT INTO `t_blog_tags` VALUES ('22', '9');
INSERT INTO `t_blog_tags` VALUES ('23', '6');
INSERT INTO `t_blog_tags` VALUES ('23', '7');
INSERT INTO `t_blog_tags` VALUES ('23', '12');
INSERT INTO `t_blog_tags` VALUES ('24', '10');
INSERT INTO `t_blog_tags` VALUES ('24', '11');
INSERT INTO `t_blog_tags` VALUES ('24', '12');
INSERT INTO `t_blog_tags` VALUES ('24', '13');
INSERT INTO `t_blog_tags` VALUES ('25', '3');
INSERT INTO `t_blog_tags` VALUES ('25', '4');
INSERT INTO `t_blog_tags` VALUES ('25', '5');
INSERT INTO `t_blog_tags` VALUES ('26', '2');
INSERT INTO `t_blog_tags` VALUES ('26', '3');
INSERT INTO `t_blog_tags` VALUES ('27', '7');
INSERT INTO `t_blog_tags` VALUES ('27', '10');
INSERT INTO `t_blog_tags` VALUES ('27', '11');
INSERT INTO `t_blog_tags` VALUES ('20', '6');
INSERT INTO `t_blog_tags` VALUES ('20', '7');
INSERT INTO `t_blog_tags` VALUES ('20', '8');
INSERT INTO `t_blog_tags` VALUES ('20', '9');

-- ----------------------------
-- Table structure for t_comment
-- ----------------------------
DROP TABLE IF EXISTS `t_comment`;
CREATE TABLE `t_comment` (
  `id` bigint(20) NOT NULL AUTO_INCREMENT,
  `admin_comment` bit(1) NOT NULL,
  `avatar` varchar(255) DEFAULT NULL,
  `content` varchar(255) DEFAULT NULL,
  `create_time` datetime DEFAULT NULL,
  `email` varchar(255) DEFAULT NULL,
  `nickname` varchar(255) DEFAULT NULL,
  `blog_id` bigint(20) DEFAULT NULL,
  `parent_comment_id` bigint(20) DEFAULT NULL,
  PRIMARY KEY (`id`),
  KEY `FKke3uogd04j4jx316m1p51e05u` (`blog_id`),
  KEY `FK4jj284r3pb7japogvo6h72q95` (`parent_comment_id`),
  CONSTRAINT `FK4jj284r3pb7japogvo6h72q95` FOREIGN KEY (`parent_comment_id`) REFERENCES `t_comment` (`id`),
  CONSTRAINT `FKke3uogd04j4jx316m1p51e05u` FOREIGN KEY (`blog_id`) REFERENCES `t_blog` (`id`)
) ENGINE=InnoDB AUTO_INCREMENT=11 DEFAULT CHARSET=utf8;

-- ----------------------------
-- Records of t_comment
-- ----------------------------
INSERT INTO `t_comment` VALUES ('1', '\0', '/images/avatar.png', '阿萨大', '2020-05-03 19:51:06', '1270001737@qq.com', '撒旦', '2', null);
INSERT INTO `t_comment` VALUES ('2', '\0', '/images/avatar.png', 'bang', '2020-05-14 16:25:21', '1270001737@qq.com', 'as', '15', null);
INSERT INTO `t_comment` VALUES ('3', '\0', '/images/avatar.png', 'ab', '2020-05-14 16:25:25', '1270001737@qq.com', 'as', '15', null);
INSERT INTO `t_comment` VALUES ('4', '\0', '/images/avatar.png', 'ahhh阿松大', '2020-05-14 16:25:36', '201717907@stu.ncwu.edu.cn', '阿松大', '15', null);
INSERT INTO `t_comment` VALUES ('5', '\0', '/images/avatar.png', '撒旦', '2020-05-18 16:41:00', '201717907@stu.ncwu.edu.cn', '姜懿', '17', null);
INSERT INTO `t_comment` VALUES ('6', '\0', '/images/avatar.png', '暗色调爱上的', '2020-05-19 23:32:49', '201717907@stu.ncwu.edu.cn', '暗色调', '15', null);
INSERT INTO `t_comment` VALUES ('7', '\0', '/images/avatar.png', '暗色调', '2020-05-19 23:32:59', '1270001737@qq.com', '暗色调', '15', null);
INSERT INTO `t_comment` VALUES ('8', '', 'http://szq.szq666.xyz/data/User/admin/home/desktop/pic/1%20(34).jpg', 'http://www.szq666.xyz/images/avatar.png', '2020-06-19 23:15:48', '1270001737@qq.com', 'SX-CD', '2', null);
INSERT INTO `t_comment` VALUES ('9', '', 'http://szq.szq666.xyz/data/User/admin/home/desktop/pic/1%20(34).jpg', '1523', '2020-06-19 23:15:54', '1270001737@qq.com', 'SX-CD', '2', null);
INSERT INTO `t_comment` VALUES ('10', '', 'http://szq.szq666.xyz/data/User/admin/home/desktop/pic/1%20(34).jpg', 'asd', '2020-06-19 23:15:59', '1270001737@qq.com', 'SX-CD', '2', '1');

-- ----------------------------
-- Table structure for t_log
-- ----------------------------
DROP TABLE IF EXISTS `t_log`;
CREATE TABLE `t_log` (
  `id` bigint(20) NOT NULL AUTO_INCREMENT,
  `create_time` datetime DEFAULT NULL,
  `description` varchar(255) DEFAULT NULL,
  `detail` varchar(255) DEFAULT NULL,
  `name` varchar(255) DEFAULT NULL,
  `update_time` datetime DEFAULT NULL,
  PRIMARY KEY (`id`)
) ENGINE=InnoDB AUTO_INCREMENT=8 DEFAULT CHARSET=utf8;

-- ----------------------------
-- Records of t_log
-- ----------------------------
INSERT INTO `t_log` VALUES ('1', '2020-04-29 18:01:04', '1、优化了动态背景\r\n2、添加网页背景线条跟随鼠标吸附效果\r\n3、博客文章改用卡片浮动形式添加跳转链接，鼠标滑过有按压效果,同时标签和头像等实现交替淡入淡出切换效果\r\n4、所有页面大部分都添加一点点的阴影效果。', '1、优化了动态背景\r\n2、添加网页背景线条跟随鼠标吸附效果\r\n3、博客文章改用卡片浮动形式添加跳转链接，鼠标滑过有按压效果,同时标签和头像等实现交替淡入淡出切换效果\r\n4、所有页面大部分都添加一点点的阴影效果。', 'UI优化', null);
INSERT INTO `t_log` VALUES ('2', '2020-03-25 18:02:02', '1、修改了js、css、pic存储方案（放到七牛云上了），使得博客变得更快。\r\n', '1、修改了js、css、pic存储方案（放到七牛云上了），使得博客变得更快。\r\n', '效率', null);
INSERT INTO `t_log` VALUES ('3', '2020-03-11 18:02:14', '1、修改了头部标签、更新了学校年纪\r\n2、增加了拦截，使得无法通过映射访问后台，防止删库操作', '1、修改了头部标签、更新了学校年纪\r\n2、增加了拦截，使得无法通过映射访问后台，防止删库操作', '安全', null);
INSERT INTO `t_log` VALUES ('4', '2020-02-15 18:02:26', '1、博客内测上线！', '1、博客内测上线！', '上线', null);
INSERT INTO `t_log` VALUES ('6', '2020-05-19 18:47:47', '1、新增动态日志系统\r\n2、以前是静态系统，现在更新的频繁，主要讲解网站的更新换代。', '1、新增动态日志系统\r\n2、以前是静态系统，现在更新的频繁，主要讲解网站的更新换代。\r\n3、根据type页面然后构造dao、service、control层', '增加了用户体验', null);
INSERT INTO `t_log` VALUES ('7', '2020-05-19 21:59:57', '1、更改了 预览页显示不出的情况\r\n2、更改了非markdown语法，现在预览页也能正常显示', 'String content = blog.getContent();\r\n            blog.setContent(MarkdownUtils.markdownToHtmlExtensions(content));\r\n//            MarkdownUtils.markdownToHtmlExtensions(blog.getContent());', '纠结院校ing', null);

-- ----------------------------
-- Table structure for t_tag
-- ----------------------------
DROP TABLE IF EXISTS `t_tag`;
CREATE TABLE `t_tag` (
  `id` bigint(20) NOT NULL AUTO_INCREMENT,
  `name` varchar(255) DEFAULT NULL,
  PRIMARY KEY (`id`)
) ENGINE=InnoDB AUTO_INCREMENT=20 DEFAULT CHARSET=utf8;

-- ----------------------------
-- Records of t_tag
-- ----------------------------
INSERT INTO `t_tag` VALUES ('1', 'ACMer');
INSERT INTO `t_tag` VALUES ('2', '数据库');
INSERT INTO `t_tag` VALUES ('3', '网站设计');
INSERT INTO `t_tag` VALUES ('4', '前后端开发');
INSERT INTO `t_tag` VALUES ('5', 'Blue Bridge');
INSERT INTO `t_tag` VALUES ('6', '做时间的管理者');
INSERT INTO `t_tag` VALUES ('7', '与时间赛跑23123');
INSERT INTO `t_tag` VALUES ('8', 'Github');
INSERT INTO `t_tag` VALUES ('9', 'git');
INSERT INTO `t_tag` VALUES ('10', '加油加油');
INSERT INTO `t_tag` VALUES ('11', 'Program design');
INSERT INTO `t_tag` VALUES ('12', 'competition');
INSERT INTO `t_tag` VALUES ('13', 'SQL');
INSERT INTO `t_tag` VALUES ('14', 'Cloud Server');
INSERT INTO `t_tag` VALUES ('15', 'Web');
INSERT INTO `t_tag` VALUES ('16', 'html');
INSERT INTO `t_tag` VALUES ('17', 'js');
INSERT INTO `t_tag` VALUES ('18', 'jsp');
INSERT INTO `t_tag` VALUES ('19', 'css1');

-- ----------------------------
-- Table structure for t_type
-- ----------------------------
DROP TABLE IF EXISTS `t_type`;
CREATE TABLE `t_type` (
  `id` bigint(20) NOT NULL AUTO_INCREMENT,
  `name` varchar(255) NOT NULL,
  PRIMARY KEY (`id`)
) ENGINE=InnoDB AUTO_INCREMENT=20 DEFAULT CHARSET=utf8;

-- ----------------------------
-- Records of t_type
-- ----------------------------
INSERT INTO `t_type` VALUES ('1', 'ACM');
INSERT INTO `t_type` VALUES ('2', '菜菜');
INSERT INTO `t_type` VALUES ('3', '腌臜菜');
INSERT INTO `t_type` VALUES ('4', 'Python');
INSERT INTO `t_type` VALUES ('5', 'Django');
INSERT INTO `t_type` VALUES ('6', 'Spring boot');
INSERT INTO `t_type` VALUES ('7', 'Github');
INSERT INTO `t_type` VALUES ('8', 'git');
INSERT INTO `t_type` VALUES ('9', '保研推免');
INSERT INTO `t_type` VALUES ('10', 'JAVA');
INSERT INTO `t_type` VALUES ('11', 'Linux');
INSERT INTO `t_type` VALUES ('12', 'English');
INSERT INTO `t_type` VALUES ('13', 'config question');
INSERT INTO `t_type` VALUES ('14', 'Markdown');
INSERT INTO `t_type` VALUES ('15', 'Semantic');
INSERT INTO `t_type` VALUES ('16', 'Jetbrains');
INSERT INTO `t_type` VALUES ('17', '回忆');
INSERT INTO `t_type` VALUES ('18', '蓝桥杯');
INSERT INTO `t_type` VALUES ('19', '天梯赛');

-- ----------------------------
-- Table structure for t_user
-- ----------------------------
DROP TABLE IF EXISTS `t_user`;
CREATE TABLE `t_user` (
  `id` bigint(20) NOT NULL AUTO_INCREMENT,
  `avatar` varchar(255) DEFAULT NULL,
  `create_time` datetime DEFAULT NULL,
  `email` varchar(255) DEFAULT NULL,
  `nickname` varchar(255) DEFAULT NULL,
  `password` varchar(255) DEFAULT NULL,
  `type` int(11) DEFAULT NULL,
  `update_time` datetime DEFAULT NULL,
  `username` varchar(255) DEFAULT NULL,
  PRIMARY KEY (`id`)
) ENGINE=InnoDB AUTO_INCREMENT=123457 DEFAULT CHARSET=utf8;

-- ----------------------------
-- Records of t_user
-- ----------------------------
INSERT INTO `t_user` VALUES ('123456', 'http://szq.szq666.xyz/data/User/admin/home/desktop/pic/1%20(34).jpg', '2020-03-31 09:21:49', '1270001737@qq.com', 'SX-CD', 'e10adc3949ba59abbe56e057f20f883e', '1', '2020-03-31 09:21:20', '123456');
